{"current":{"section_vertical_spacing":"medium","section_boxed_horizontal_spacing":"large","button_border_radius":60,"input_border_radius":8,"block_border_radius":24,"block_shadow_opacity":10,"block_shadow_vertical_offset":18,"button_hover_effect":"reverse","background":"#111826","text_color":"#272727","success_color":"#708a5c","warning_color":"#e37e16","error_color":"#aa2826","header_background":"#ffffff","header_text_color":"#272727","footer_background":"#f2f2f2","footer_text_color":"#272727","primary_button_background":"#272727","primary_button_text_color":"#ffffff","secondary_button_background":"#3c619e","secondary_button_text_color":"#ffffff","product_card_text_color":"#272727","product_on_sale_accent":"#e34f4f","product_sold_out_badge_background":"#bebdb9","product_primary_badge_background":"#3c619e","heading_font":"montserrat_n4","heading_font_size":"large","heading_text_transform":"normal","heading_letter_spacing":-1,"text_font":"futura_n4","show_page_transition":true,"heading_apparition":"split_rotation","color_swatch_style":"round","color_swatch_config":"Zwart: #000000\nBlauw:#64a9d1\nRoze:#f28df2\nBruin:#703221\nCyaan:#5dc6c9\nGrijs:#a2a6a6\nViolet:#953feb","product_color_display":"swatch","product_info_alignment":"start","cart_type":"drawer","cart_icon":"shopping_basket","cart_free_shipping_threshold":0,"favicon":"shopify:\/\/shop_images\/newLogo.jpg","checkout_body_background_color":"#121d29","checkout_input_background_color_mode":"transparent","checkout_sidebar_background_color":"#0b1725","checkout_accent_color":"#3c619e","checkout_button_color":"#3c619e","content_for_index":[]},"presets":{"Sound":{"section_vertical_spacing":"medium","button_border_radius":60,"input_border_radius":8,"block_border_radius":24,"block_shadow_opacity":10,"block_shadow_vertical_offset":18,"background":"#f0f0f0","text_color":"#1a1a1a","header_background":"#f0f0f0","header_text_color":"#1a1a1a","footer_background":"#ffffff","footer_text_color":"#1a1a1a","primary_button_background":"#1a1a1a","primary_button_text_color":"#ffffff","secondary_button_background":"#f0c417","secondary_button_text_color":"#1a1a1a","product_card_text_color":"#1a1a1a","product_primary_badge_background":"#803cee","heading_font":"din_next_n7","heading_font_size":"large","heading_letter_spacing":-2,"text_font":"din_next_n4","show_page_transition":true,"cart_icon":"shopping_basket","heading_apparition":"split_fade","product_color_display":"swatch","product_info_alignment":"start","checkout_accent_color":"#f0c417","checkout_button_color":"#1a1a1a"},"Home":{"section_vertical_spacing":"medium","section_boxed_horizontal_spacing":"large","button_hover_effect":"reverse","background":"#ffffff","text_color":"#272727","success_color":"#708a5c","warning_color":"#e37e16","error_color":"#aa2826","header_background":"#ffffff","header_text_color":"#272727","footer_background":"#f2f2f2","footer_text_color":"#272727","primary_button_background":"#272727","primary_button_text_color":"#ffffff","secondary_button_background":"#3c619e","secondary_button_text_color":"#ffffff","product_card_text_color":"#272727","product_on_sale_accent":"#e34f4f","product_sold_out_badge_background":"#bebdb9","product_primary_badge_background":"#3c619e","heading_font":"futura_n7","heading_font_size":"large","heading_text_transform":"normal","heading_letter_spacing":-1,"text_font":"futura_n4","cart_icon":"shopping_basket","heading_apparition":"split_rotation","color_swatch_style":"rectangle","product_color_display":"swatch","cart_type":"drawer","checkout_body_background_color":"#f2f2f2","checkout_sidebar_background_color":"#ffffff","checkout_accent_color":"#3c619e","checkout_button_color":"#3c619e"},"Shape":{"page_width":1440,"section_vertical_spacing":"small","section_boxed_horizontal_spacing":"medium","button_border_radius":60,"input_border_radius":8,"block_border_radius":20,"icon_stroke_width":1.5,"button_style":"fill","button_hover_effect":"reverse","text_color":"#2a555a","header_background":"#ffffff","header_text_color":"#2a555a","footer_background":"#f7f7f7","footer_text_color":"#2a555a","primary_button_background":"#2a555a","primary_button_text_color":"#ffffff","secondary_button_background":"#d9967e","product_card_text_color":"#2a555a","cart_icon":"tote_bag","heading_font":"itc_berkeley_old_style_n4","heading_font_size":"large","heading_text_transform":"normal","heading_letter_spacing":-1,"text_font":"muli_n4","text_font_size_desktop":15,"product_color_display":"swatch","product_info_alignment":"center"}}}