{"sections":{"slideshow":{"type":"slideshow","blocks":{"slide-1":{"type":"image","settings":{"image":"shopify:\/\/shop_images\/gif1.webp","mobile_image":"shopify:\/\/shop_images\/redrumr.gif","content_max_width":780,"mobile_text_position":"place-self-center text-center","desktop_text_position":"sm:place-self-center sm:text-center","subheading":"HEALTHRING HELPT UW GEZONDHEID, FITNESS EN LEVEN TE OPTIMALISEREN","title":"DRAAGBARE PRESTATIECOACHING PERSOONLIJK GEMAAKT","heading_tag":"h2","button_text":"","button_link":"","text_color":"#ffffff","button_background":"#ffffff","button_text_color":"#000000","overlay_color":"#000000","overlay_opacity":20,"background":"","background_gradient":""}},"image_GQrirh":{"type":"image","settings":{"image":"shopify:\/\/shop_images\/Screenshot_2024-04-16_at_21.02.19.png","mobile_image":"shopify:\/\/shop_images\/Screenshot_2024-04-16_at_21.02.19.png","content_max_width":780,"mobile_text_position":"place-self-center text-center","desktop_text_position":"sm:place-self-center sm:text-center","subheading":"","title":"JE SLAAP, INSPANNING, HERSTEL, GEZONDHEID EN MEER CONTROLEREN","heading_tag":"h3","button_text":"","button_link":"","text_color":"#ffffff","button_background":"#ffffff","button_text_color":"#000000","overlay_color":"#000000","overlay_opacity":20,"background":"","background_gradient":""}},"slide-2":{"type":"image","settings":{"image":"shopify:\/\/shop_images\/Screenshot_2024-04-16_at_21.03.03.png","mobile_image":"shopify:\/\/shop_images\/Screenshot_2024-04-16_at_21.03.03.png","content_max_width":780,"mobile_text_position":"place-self-center text-center","desktop_text_position":"sm:place-self-center sm:text-center","subheading":"","title":"KRIJG GEPERSONALISEERDE PRESTATIECOACHING OP BASIS VAN JE GEGEVENS","heading_tag":"h3","button_text":"","button_link":"","text_color":"#ffffff","button_background":"#ffffff","button_text_color":"#000000","overlay_color":"#000000","overlay_opacity":20,"background":"","background_gradient":""}}},"block_order":["slide-1","image_GQrirh","slide-2"],"custom_css":[".button--xl {border-radius: 0px; font-size: 8px; max-width: 150px; max-height: 50px; padding: 10px;}","img {min-width: 100%;}","@media only screen and (max-width: 768px) {.h2, .h3 {position: relative !important; bottom: 280px !important; font-size: 25px; } .h3 {font-size: 25px; } p {position: relative !important; bottom: 120px !important; }}"],"settings":{"full_width":true,"allow_transparent_header":true,"image_size":"fill","controls_type":"numbers","transition_type":"fade_with_text","autoplay":true,"cycle_speed":6,"background":"#f2f2f2","background_gradient":"linear-gradient(60deg, rgba(60, 65, 68, 1), rgba(23, 29, 33, 1) 98%)"}},"impact_text_79CAiD":{"type":"impact-text","blocks":{"item_dykkzM":{"type":"item","settings":{"title":"","subheading":"","content":"<h2>Gemakkelijk overal te dragen.<\/h2>","button_text":"","button_url":"","animate_impact_text":false,"animate_impact_text_duration":2}}},"block_order":["item_dykkzM"],"settings":{"full_width":true,"stack_mobile":true,"text_alignment":"center","impact_text_style":"fill","text_divider":"none","impact_text_size_ratio":1,"background":"#000000","background_gradient":"","heading_text_color":"","heading_gradient":"","text_color":"#ffffff","button_background":"","button_text_color":""}},"image_with_text_overlay_E9Tqm6":{"type":"image-with-text-overlay","custom_css":["img {min-width: 100%;}"],"settings":{"full_width":true,"allow_transparent_header":false,"enable_parallax":true,"image_size":"sm","image":"shopify:\/\/shop_images\/Screenshot_2024-04-16_at_21.03.20.png","mobile_text_position":"place-self-center text-center","desktop_text_position":"sm:place-self-center sm:text-center","text_color":"#ffffff","overlay_color":"#000000","overlay_opacity":30}},"rich_text_NjAcPM":{"type":"rich-text","blocks":{"richtext_t6RA9A":{"type":"richtext","settings":{"content":"<h2>VOLG ALLEEN DE STATISTIEKEN DIE ERTOE DOEN<\/h2>"}},"richtext_aHQRiJ":{"type":"richtext","settings":{"content":"<p>Je gezondheid en fitheid op dit niveau begrijpen was tot nu toe onmogelijk. HealthRing registreert alleen de biometrische gegevens waarvan is aangetoond dat ze de meest betekenisvolle invloed op uw gezondheid hebben. Geen enkele andere wearable geeft je een uitgebreidere kijk op de belangrijkste prestatiegegevens van je lichaam en helpt je te begrijpen wat je ermee moet doen.<\/p>"}}},"block_order":["richtext_t6RA9A","richtext_aHQRiJ"],"settings":{"full_width":true,"content_width":"small","text_position":"center","background":"#000000","background_gradient":"","text_color":"#ffffff"}},"custom_html_BhwRYk":{"type":"custom-html","settings":{"full_width":true,"remove_vertical_spacing":false,"remove_horizontal_spacing":false,"html":"<meta charset=\"UTF-8\">\n    <meta name=\"viewport\" content=\"width=device-width, initial-scale=1.0\">\n    <title>Oura Ring<\/title>\n    <style>\n    body {\n        background-color: #0A1119;\n    }\n\n    .contaner {\n        max-width: 100vw;\n        padding: 10px;\n        color: white;\n    }\n\n    .image-container1,\n    .image-container2 {\n        overflow: hidden;\n        margin-bottom: 20px;\n        position: relative;\n        width: 100%;\n    }\n\n    .image-container1 {\n        left: 0;\n    }\n\n    .image-container2 {\n        right: 0;\n    }\n\n    .img117,\n    .img118 {\n        width: 50%;\n        border-radius: 10%;\n    }\n\n    .text {\n        text-align: left;\n        padding: 10px;\n    }\n\n    .quote {\n        text-align: center;\n        font-style: italic;\n        padding: 10px;\n        font-size: 20px;\n    }\n\n    .svg-container {\n        display: flex;\n        justify-content: center;\n        margin-top: 20px;\n    }\n\n    \/* Media query for desktop screens *\/\n    @media only screen and (min-width: 1024px) {\n        .img117,\n        .img118 {\n            border-radius: 10%;\n        }\n    }\n<\/style>\n\n\n\n\n<div class=\"contaner\">\n    <div class=\"image-container1\">\n        <img class=\"img117\" src=\"https:\/\/grapesmag.cz\/wp-content\/uploads\/2022\/04\/socialnesiete.jpg\" alt=\"Image 1\">\n        <div class=\"text\">\n            <b>HealthRing volgt niet alleen, maar vertaalt ook.<\/b>\n            <p>Als je begint met HealthRing, stel je een doel voor jezelf. HealthRing leert vervolgens de basislijnen en patronen van uw lichaam om u te coachen met aangepaste aanbevelingen over hoe u uw levensstijl, gewoonten, trainingsprogramma's en nog veel meer kunt aanpassen om uw potentieel te ontsluiten.\n<\/p>\n        <\/div>\n    <\/div>\n    <div class=\"image-container2\">\n        <img class=\"img118\" src=\"https:\/\/www.realmenrealstyle.com\/wp-content\/uploads\/2023\/08\/Index-Finger-Rings-%E2%80%93-Jupiter.jpg\" alt=\"Image 2\">\n        <div class=\"text\">\n            <b>Geen schermen. Geen afleidingen. Alleen wetenschap.<\/b>\n            <p>We hebben de overbodige franjes overgeslagen om de meest draagbare technologie op de markt te maken. Een minimalistisch ontwerp zonder scherm betekent dat je hem 24\/7 kunt dragen. Nooit meer afdoen om op te laden dankzij een draadloze batterij. Verander de dingen en draag je HealthRing overal op je lichaam. En krijg nauwkeurige gegevens op laboratoriumniveau die andere toonaangevende wearables overtreffen.<\/p>\n        <\/div>\n    <\/div>\n    <div class=\"quote\">\n        <blockquote>\"An absolute marvel of modern wearable technology.\"<\/blockquote>\n    <\/div>\n    <div class=\"svg-container\">\n        <svg xmlns=\"http:\/\/www.w3.org\/2000\/svg\" viewbox=\"0 0 100 35\" width=\"125\" height=\"35\">\n            <path fill=\"#ffffff\" d=\"M17.425 35c9.623 0 17.425-7.835 17.425-17.5S27.048 0 17.425 0 0 7.835 0 17.5 7.801 35 17.425 35m27.382-21.558a1.92 1.92 0 0 0 1.47-.569 2.25 2.25 0 0 0 .47-1.623V4.286h3.151v6.964a4.6 4.6 0 0 1-1.357 3.555 5.3 5.3 0 0 1-3.734 1.25 5.3 5.3 0 0 1-3.734-1.25 4.62 4.62 0 0 1-1.439-3.555V4.286h3.152v6.964a2.32 2.32 0 0 0 .517 1.607c.389.406.938.617 1.504.585m11.363 2.63a7.5 7.5 0 0 1-2.667-.487 6.8 6.8 0 0 1-2.247-1.38l1.52-1.932c.452.406.953.73 1.519.958a4.9 4.9 0 0 0 1.859.357c.372.016.743-.065 1.067-.244a.8.8 0 0 0 .388-.714c0-.309-.178-.6-.453-.73a6.4 6.4 0 0 0-1.616-.65l-.712-.195a4.9 4.9 0 0 1-2.36-1.25 2.92 2.92 0 0 1-.808-2.143c0-.665.21-1.33.598-1.867.404-.551.954-.99 1.6-1.25a5.9 5.9 0 0 1 2.344-.454 6.5 6.5 0 0 1 2.49.487c.776.308 1.503.73 2.133 1.282l-1.568 1.981a5.8 5.8 0 0 0-1.438-.91 3.8 3.8 0 0 0-1.633-.389 2 2 0 0 0-1.05.228.76.76 0 0 0-.405.714.89.89 0 0 0 .388.698c.404.26.873.454 1.342.552l.857.243a5.36 5.36 0 0 1 2.618 1.396 3.1 3.1 0 0 1 .776 2.062 3.4 3.4 0 0 1-.566 1.932 3.8 3.8 0 0 1-1.6 1.25 5.6 5.6 0 0 1-2.376.454m14.095-.228-.727-2.094h-4.3l-.727 2.16h-3.104l4.219-11.56h3.653l4.154 11.494zm-4.316-4.497h2.732l-1.293-4.042zm-22.904 19.32v-9.01h-3.427v-2.5h9.957v2.5h-3.378v9.01zm13.157.21a6.16 6.16 0 0 1-3.07-.762 5.64 5.64 0 0 1-2.102-2.127 5.94 5.94 0 0 1-.776-3.1 6.5 6.5 0 0 1 .42-2.403 5.5 5.5 0 0 1 1.245-1.9 5.7 5.7 0 0 1 1.891-1.25 6.7 6.7 0 0 1 4.768 0 5.9 5.9 0 0 1 1.892 1.25 5.5 5.5 0 0 1 1.244 1.9c.324.763.501 1.574.517 2.402a6.1 6.1 0 0 1-.775 3.101 5.56 5.56 0 0 1-2.134 2.11 6 6 0 0 1-3.12.78m0-2.597a2.38 2.38 0 0 0 1.439-.422c.42-.292.76-.714.97-1.185a4.1 4.1 0 0 0 .355-1.77 4.2 4.2 0 0 0-.355-1.769 2.95 2.95 0 0 0-.97-1.25 2.61 2.61 0 0 0-2.893 0c-.437.325-.76.747-.97 1.25a4.1 4.1 0 0 0-.356 1.77c-.016.6.113 1.2.356 1.77.21.47.55.892.97 1.184.42.276.937.422 1.454.422m7.775 2.387v-11.56h4.542a6.1 6.1 0 0 1 3.023.73 5.37 5.37 0 0 1 2.053 2.03 6.44 6.44 0 0 1 0 5.99 5.26 5.26 0 0 1-2.053 2.03 5.95 5.95 0 0 1-3.023.73zm3.104-2.5h1.438a2.39 2.39 0 0 0 1.956-.893 3.78 3.78 0 0 0 .728-2.37 3.78 3.78 0 0 0-.728-2.37 2.34 2.34 0 0 0-1.956-.893h-1.438zm16.535 2.5-.727-2.16h-4.316l-.727 2.16h-3.104l4.22-11.559h3.652l4.22 11.559zm-4.234-4.513h2.747l-1.357-4.043zm13.529.34v4.156h-3.2v-4.155l-4.074-7.403h3.556l2.134 4.643 2.117-4.578H97z\"><\/path>\n        <\/svg>\n    <\/div>\n<\/div>","background":"#000000","background_gradient":"","text_color":""}},"blog_posts_K48xQW":{"type":"blog-posts","blocks":{"blog_TpGcXN":{"type":"blog","settings":{"blog":"articles","posts_count":3,"stack_items":false}}},"block_order":["blog_TpGcXN"],"custom_css":["* {text-align: center;}",".blog-post-card {pointer-events: none; \/* Ensures click events pass through *\/ text-align: center;}","img {border-radius: 15px;}",".prose {text-align: center !important;}",".section-header {display: flex; justify-content: center;}",".blog-post-card__figure {max-height: 450px; border-radius: 15px;}"],"settings":{"full_width":true,"show_excerpt":true,"show_date":false,"show_author":false,"show_comments_count":false,"show_category":true,"subheading":"","title":"Uw HealthRing past zich aan u aan","content":"<p>Je HealthRing houdt gegevens bij, past zich aan en geeft je de belangrijkste inzichten.<\/p>","link_url":"","link_text":"","background":"#f4e6db","background_gradient":"","text_color":"#010101","heading_color":"","heading_gradient":""}},"custom_html_7HmGfn":{"type":"custom-html","settings":{"full_width":true,"remove_vertical_spacing":false,"remove_horizontal_spacing":false,"html":"<meta charset=\"UTF-8\">\n<meta name=\"viewport\" content=\"width=device-width, initial-scale=1.0\">\n<title>Oura Scores<\/title>\n<style>\n  body {\n  }\n  .container {\n    max-width: 600px;\n    margin: 50px auto;\n    margin-top: 0px;\n    text-align: center;\n    padding: 20px;\n    border-radius: 10px;\n  }\n  .h19 {\n    font-size: 24px;\n    color: #333;\n    font-weight: 100;\n  }\n  .h2o {\n    font-size: 18px;\n    color: #666;\n  }\n  .pc {\n    font-size: 16px;\n    color: #444;\n    line-height: 1.5;\n  }\n  .btn1 {\n    display: inline-block;\n    padding: 10px 20px;\n    margin-top: 50px;\n    margin-bottom: 50px;\n    font-size: 16px;\n    color: #000;\n    text-decoration: none;\n    border: 2px solid #000;\n    border-radius: 30px;\n    transition: background-color 0.3s, color 0.3s;\nbackground-color: transparent;\n  }\n  .btn1:hover {\n    background-color: #000;\n    color: #fff;\n  }\n  img {\n    display: block;\n    margin: 20px auto;\n    max-width: 100%;\n    height: auto;\n  }\n\/* Media query for desktop screens *\/\n    @media only screen and (min-width: 1024px) {\n        img {\n            max-width: 75%;\n        }\n    }\n<\/style>\n\n\n\n<div class=\"container\">\n  <h1 class=\"h19\">Zet inzichten om in actie met drie dagelijkse scores<\/h1>\n<br>\n  <h2 class=\"h2o\">Slaap, paraatheid en activiteit<\/h2>\n<br>\n  <p class=\"pc\">Je scores vertellen je hoe je lichaam zich voelt. Je weet wanneer je meer slaap nodig hebt, wanneer je misschien ziek wordt, wanneer het tijd is om jezelf te pushen en nog veel meer. Als HealthRing-lid wordt je ervaring persoonlijker en waardevoller naarmate je er langer gebruik van maakt.<\/p>\n  <a href=\"https:\/\/c16b65-3.myshopify.com\/collections\/all\" class=\"btn1\">Koop nu!<\/a>\n  <img src=\"https:\/\/www.tenniskeeperapp.com\/support\/healthdata.png\" alt=\"Oura Scores\">\n<\/div>","background":"#f4e6db","background_gradient":"","text_color":""}},"custom_html_zezCJf":{"type":"custom-html","custom_css":["img {border-radius: 15px;}"],"settings":{"full_width":true,"remove_vertical_spacing":false,"remove_horizontal_spacing":false,"html":"<meta charset=\"UTF-8\">\n<meta name=\"viewport\" content=\"width=device-width, initial-scale=1.0\">\n<title>Membership Statistics<\/title>\n<style>\n  body {\n  }\n  .container21 {\n    max-width: 800px;\n    margin: 50px auto;\n    margin-top: 0px;\n    text-align: left;\n    padding: 20px;\n    border-radius: 10px;\n\n  }\n  .h13 {\n    font-size: 30px;\n    color: white;\n    margin-bottom: 20px;\n  }\n  .h21 {\n    font-size: 18px;\n    margin-top: 20px;\n  }\n.p21 {\ncolor: white;\nfont-size: 14px;\n}\n  .btn {\n    display: inline-block;\n    padding: 10px 20px;\n    margin-top: 20px;\n    font-size: 16px;\n    color: black;\n    font-weight: 200;\n    text-decoration: none;\n    background-color: #87CEEB;\n    border: none;\n    border-radius: 20px;\n    transition: background-color 0.3s;\n    margin-bottom: 20px;\n  }\n  .btn:hover {\n    background-color: #5F9EA0;\n  }\n  .stats-container {\n    display: flex;\n    justify-content: space-between;\n  }\n  .stat {\n    flex: 1;\n    border-radius: 10px;\n  }\n  .stat {\n    font-size: 24px;\n    margin-bottom: 10px;\n  }\n  img {\n    width: 500px;\n    height: auto;\n    margin-top: 40px;\n  }\n<\/style>\n\n\n<div class=\"container21\">\n  <h1 class=\"h13\">ONDERSTEUND DOOR MDS EN PHDS. VERTROUWD DOOR MVPS.<\/h1>\nHealthRing is ontworpen door 's werelds meest vooraanstaande experts op het gebied van menselijke prestaties en wordt gebruikt door topatleten, artsen en meer. Het is technologie van professionele kwaliteit, ontworpen voor elke dag en voor iedereen, ongeacht waar je je bevindt op je gezondheidsreis.<br>\n  <a href=\"#\" class=\"btn\">Koop de jouwe nu!<\/a>\n  <div class=\"stats-container\">\n    <div class=\"stat\">\n      <h3>86%<\/h3>\n      <p class=\"p21\">zagen verbetering in hun slaapkwaliteit<\/p>\n    <\/div>\n    <div class=\"stat\">\n      <h3>88%<\/h3>\n      <p class=\"p21\">zag verbetering in algehele gezondheid<\/p>\n    <\/div>\n  <\/div>\n<\/div>\n<img src=\"https:\/\/images.unsplash.com\/photo-1461896836934-ffe607ba8211?q=80&amp;w=2940&amp;auto=format&amp;fit=crop&amp;ixlib=rb-4.0.3&amp;ixid=M3wxMjA3fDB8MHxwaG90by1wYWdlfHx8fGVufDB8fHx8fA%3D%3D\" alt=\"Membership Statistics\">","background":"#0a1119","background_gradient":"","text_color":"#ffffff"}},"press_kiXBjM":{"type":"press","blocks":{"quote_rWbEki":{"type":"quote","settings":{"logo_width":100,"author":"","content":"Het gebruik van de HealthRing heeft mijn relatie met mijn lichaam volledig veranderd.","show_rating":true,"rating":4}},"quote_aKzejX":{"type":"quote","settings":{"logo_width":100,"author":"","content":"HealthRing geeft je duidelijkheid over je gezondheid.","show_rating":true,"rating":4}},"quote_g7q3wX":{"type":"quote","settings":{"logo_width":100,"author":"","content":"Ik heb geleerd dat ik kan bijstellen wat ik doe met behulp van de gegevens die HealthRing verzamelt.","show_rating":true,"rating":4}}},"block_order":["quote_rWbEki","quote_aKzejX","quote_g7q3wX"],"settings":{"full_width":true,"content_size":"medium","background":"#0a1119","background_gradient":"","text_color":"#ffffff","heading_color":"#ffffff","heading_gradient":"","logo_item_background":"#ffffff","logo_item_border":"#ffffff"}},"image-link-blocks":{"type":"image-link-blocks","blocks":{"1664424046b00c932c-0":{"type":"item","settings":{"stretch_image":true,"link_text":"","link_url":"","background":"","text_color":"#ffffff","overlay_color":"#000000","overlay_opacity":0}},"1664424046b00c932c-1":{"type":"item","settings":{"stretch_image":true,"link_text":"","link_url":"","background":"","text_color":"#ffffff","overlay_color":"#000000","overlay_opacity":0}},"1664424046b00c932c-2":{"type":"item","settings":{"stretch_image":true,"link_text":"","link_url":"","background":"","text_color":"#ffffff","overlay_color":"#000000","overlay_opacity":0}},"1664424046b00c932c-3":{"type":"item","disabled":true,"settings":{"stretch_image":true,"link_text":"","link_url":"","background":"","text_color":"#ffffff","overlay_color":"#000000","overlay_opacity":0}},"e4a0ef18-1856-4ddd-83d8-871a60d7acac":{"type":"item","disabled":true,"settings":{"stretch_image":true,"link_text":"","link_url":"","background":"","text_color":"#ffffff","overlay_color":"#000000","overlay_opacity":0}}},"block_order":["1664424046b00c932c-0","1664424046b00c932c-1","1664424046b00c932c-2","1664424046b00c932c-3","e4a0ef18-1856-4ddd-83d8-871a60d7acac"],"disabled":true,"settings":{"full_width":false,"block_size":"small","subheading":"ONZE COLLECTIES","title":"","content":"","link_url":"","link_text":"","background":"","background_gradient":"","text_color":"","heading_color":"","heading_gradient":""}},"e1293f5c-b549-40ea-baaa-2d52382bb599":{"type":"slideshow","blocks":{"template--20408476664139__e1293f5c-b549-40ea-baaa-2d52382bb599-image-1":{"type":"image","settings":{"content_max_width":780,"mobile_text_position":"place-self-center text-center","desktop_text_position":"sm:place-self-center sm:text-center","subheading":"ONZE NIEUWE 2024 SCULPTING LEGGING","title":"","heading_tag":"h0","button_text":"NU BEKIJKEN","button_link":"shopify:\/\/products\/scrunch-leggings","text_color":"#ffffff","button_background":"#ffffff","button_text_color":"#000000","overlay_color":"#000000","overlay_opacity":20,"background":"","background_gradient":""}},"template--20408476664139__e1293f5c-b549-40ea-baaa-2d52382bb599-image-2":{"type":"image","disabled":true,"settings":{"content_max_width":780,"mobile_text_position":"place-self-center text-center","desktop_text_position":"sm:place-self-center sm:text-center","subheading":"Tell your story","title":"Slide 2","heading_tag":"h0","button_text":"","button_link":"","text_color":"#ffffff","button_background":"#ffffff","button_text_color":"#000000","overlay_color":"#000000","overlay_opacity":30,"background":"","background_gradient":""}}},"block_order":["template--20408476664139__e1293f5c-b549-40ea-baaa-2d52382bb599-image-1","template--20408476664139__e1293f5c-b549-40ea-baaa-2d52382bb599-image-2"],"disabled":true,"settings":{"full_width":true,"allow_transparent_header":true,"image_size":"fill","controls_type":"dots","transition_type":"fade_with_text","autoplay":false,"cycle_speed":6,"background":"#f2f2f2","background_gradient":""}},"collection-list":{"type":"collection-list","blocks":{"collection-1":{"type":"collection","settings":{"collection":"frontpage","subheading":"","title":"","url":"","heading_tag":"h2","text_position":"place-self-center text-center","text_color":"#ffffff","overlay_color":"#000000","overlay_opacity":30}}},"block_order":["collection-1"],"disabled":true,"settings":{"full_width":true,"stack_collections":false,"collections_per_row":3,"show_progress_bar":false,"subheading":"","title":"BESTSELLERS","content":"","link_url":"","link_text":"Bekijk alle","background":"","background_gradient":"","text_color":"","heading_color":"","heading_gradient":""}},"featured-collection":{"type":"featured-collection","disabled":true,"settings":{"collection":"","products":[],"full_width":true,"stack_products":false,"show_progress_bar":false,"products_count":6,"products_per_row_mobile":"2","products_per_row_desktop":4,"subheading":"","title":"Featured collection","content":"","link_url":"","link_text":"View all","background":"","background_gradient":"","text_color":"","heading_color":"","heading_gradient":"","product_card_background":"","product_card_text_color":""}},"impact-text":{"type":"impact-text","blocks":{"1664424181b38582d5-0":{"type":"item","settings":{"title":"100%","subheading":"Showcase a benefit of your product","content":"","button_text":"","button_url":"","animate_impact_text":false,"animate_impact_text_duration":2}}},"block_order":["1664424181b38582d5-0"],"disabled":true,"settings":{"full_width":true,"stack_mobile":true,"text_alignment":"center","impact_text_style":"fill","text_divider":"none","impact_text_size_ratio":1,"background":"","background_gradient":"","heading_text_color":"","heading_gradient":"linear-gradient(180deg, rgba(26, 26, 26, 0.2), rgba(26, 26, 26, 0) 100%)","text_color":"","button_background":"","button_text_color":""}},"image-with-text-overlay":{"type":"image-with-text-overlay","blocks":{"1664424230c4756b0e-0":{"type":"subheading","settings":{"text":"Subheading"}},"1664424230c4756b0e-1":{"type":"heading","settings":{"text":"Image with text overlay","heading_tag":"h1"}},"1664424230c4756b0e-2":{"type":"richtext","settings":{"content":"<p>Use this text to share information about your brand with your customers. Describe a product, share announcements, or welcome customers to your store.<\/p>"}}},"block_order":["1664424230c4756b0e-0","1664424230c4756b0e-1","1664424230c4756b0e-2"],"disabled":true,"settings":{"full_width":true,"allow_transparent_header":false,"enable_parallax":false,"image_size":"auto","mobile_text_position":"place-self-center text-center","desktop_text_position":"sm:place-self-center sm:text-center","text_color":"#ffffff","overlay_color":"#000000","overlay_opacity":30}},"media-grid":{"type":"media-grid","blocks":{"item-1":{"type":"image","settings":{"title":"Promote your products","heading_tag":"h4","link_url":"","link_text":"","mobile_text_position":"place-self-center text-center","desktop_column_span":2,"desktop_row_span":2,"desktop_text_position":"sm:place-self-center sm:text-center","background":"#000000","background_gradient":"","text_color":"#ffffff","text_gradient":"","button_background":"#000000","button_text_color":"#ffffff","overlay_color":"#000000","overlay_opacity":0}},"item-2":{"type":"image","settings":{"title":"Promote your products","heading_tag":"h4","link_url":"","link_text":"","mobile_text_position":"place-self-center text-center","desktop_column_span":1,"desktop_row_span":1,"desktop_text_position":"sm:place-self-center sm:text-center","background":"#000000","background_gradient":"","text_color":"#ffffff","text_gradient":"","button_background":"#000000","button_text_color":"#ffffff","overlay_color":"#000000","overlay_opacity":0}},"item-3":{"type":"image","settings":{"title":"Promote your products","heading_tag":"h4","link_url":"","link_text":"","mobile_text_position":"place-self-center text-center","desktop_column_span":1,"desktop_row_span":1,"desktop_text_position":"sm:place-self-center sm:text-center","background":"#000000","background_gradient":"","text_color":"#ffffff","text_gradient":"","button_background":"#000000","button_text_color":"#ffffff","overlay_color":"#000000","overlay_opacity":0}},"29246d34-c6e0-4373-84f6-b15e57736a00":{"type":"image","settings":{"title":"Promote your products","heading_tag":"h4","link_url":"","link_text":"","mobile_text_position":"place-self-center text-center","desktop_column_span":2,"desktop_row_span":1,"desktop_text_position":"sm:place-self-center sm:text-center","background":"#000000","background_gradient":"","text_color":"#ffffff","text_gradient":"","button_background":"#000000","button_text_color":"#ffffff","overlay_color":"#000000","overlay_opacity":0}}},"block_order":["item-1","item-2","item-3","29246d34-c6e0-4373-84f6-b15e57736a00"],"disabled":true,"settings":{"full_width":true,"reduce_width":false,"desktop_row_height":290,"mobile_row_height":150,"background":"","background_gradient":""}},"before-after-image":{"type":"before-after-image","disabled":true,"settings":{"full_width":true,"subheading":"","title":"Before\/after","content":"<p>Showcase your product benefit by using before\/after image comparison.<\/p>","expand_image":false,"text_position":"center","before_after_text_position":"bottom","before_text":"Before","after_text":"After","drag_initial_position":50,"background":"","background_gradient":"","text_color":"","before_text_color":"#ffffff","after_text_color":"#ffffff","drag_cursor_background":"#ffffff","drag_cursor_color":"#000000"}},"press":{"type":"press","blocks":{"16644243327ba53d2a-0":{"type":"quote","settings":{"logo_width":100,"author":"","content":"Share info about what your customers say about your products.","show_rating":false,"rating":4}},"16644243327ba53d2a-1":{"type":"quote","settings":{"logo_width":100,"author":"","content":"Or share content about your promotion, offers...","show_rating":false,"rating":4}}},"block_order":["16644243327ba53d2a-0","16644243327ba53d2a-1"],"disabled":true,"settings":{"full_width":true,"content_size":"medium","background":"","background_gradient":"","text_color":"","heading_color":"","heading_gradient":"","logo_item_background":"","logo_item_border":""}},"hot-spots":{"type":"hot-spots","blocks":{"1664424434f5b7d0e0-0":{"type":"item","settings":{"horizontal_position":24,"vertical_position":70,"horizontal_position_mobile":24,"vertical_position_mobile":70,"icon_width":32,"title":"Feature name","content":"<p>Share useful information about your product features.<\/p>"}},"1664424434f5b7d0e0-1":{"type":"item","settings":{"horizontal_position":62,"vertical_position":14,"horizontal_position_mobile":62,"vertical_position_mobile":14,"icon_width":32,"title":"Feature name","content":"<p>Share useful information about your product features.<\/p>"}},"1664424434f5b7d0e0-2":{"type":"item","settings":{"horizontal_position":83,"vertical_position":75,"horizontal_position_mobile":83,"vertical_position_mobile":75,"icon_width":32,"title":"Feature name","content":"<p>Share useful information about your product features.<\/p>"}}},"block_order":["1664424434f5b7d0e0-0","1664424434f5b7d0e0-1","1664424434f5b7d0e0-2"],"disabled":true,"settings":{"full_width":true,"title":"","content":"","button_text":"","button_url":"","desktop_text_position":"place-self-start text-start","image_background":"","image_background_gradient":"","overlay_color":"#000000","overlay_opacity":0,"overlay_text_color":"#ffffff","overlay_button_background":"","overlay_button_text_color":"","hot_spot_dot_background":"#ffffff","hot_spot_dot_text_color":"#000000","hot_spot_content_background":"#ffffff","hot_spot_content_text_color":"#000000","hot_spot_content_opacity":90,"hot_spot_content_blur_radius":3}},"blog_posts_TRrpNJ":{"type":"blog-posts","blocks":{"blog_QbTUiJ":{"type":"blog","settings":{"blog":"news","posts_count":2,"stack_items":false}}},"block_order":["blog_QbTUiJ"],"custom_css":[".h-full {height: 100%;}",".w-full {width: 80%;}","* {text-align: center;}",".blog-post-card {pointer-events: none; \/* Ensures click events pass through *\/}"],"settings":{"full_width":true,"show_excerpt":true,"show_date":false,"show_author":false,"show_comments_count":false,"show_category":true,"subheading":"","title":"Awards","content":"","link_url":"","link_text":"","background":"#0a1119","background_gradient":"","text_color":"#ffffff","heading_color":"","heading_gradient":""}},"image_with_text_overlay_tXCUPc":{"type":"image-with-text-overlay","blocks":{"heading_BFTc9Q":{"type":"heading","settings":{"text":"Begin uw gezondheidsreis vandaag","heading_tag":"h1"}},"button_gjKtqT":{"type":"button","settings":{"style":"fill","size":"lg","text":"Koop nu!","url":"https:\/\/c16b65-3.myshopify.com\/collections\/all","background":"#77b4d6","text_color":"#000000"}}},"block_order":["heading_BFTc9Q","button_gjKtqT"],"custom_css":["* {text-align: left;}","img {min-width: 100%;}"],"settings":{"full_width":true,"allow_transparent_header":false,"enable_parallax":true,"image_size":"auto","mobile_text_position":"place-self-center text-center","desktop_text_position":"sm:place-self-center sm:text-center","text_color":"#ffffff","overlay_color":"#000000","overlay_opacity":30}},"featured-product":{"type":"featured-product","blocks":{"vendor":{"type":"vendor","settings":{}},"title":{"type":"title","settings":{"heading_tag":"h2"}},"badges":{"type":"badges","settings":{}},"price":{"type":"price","settings":{"show_taxes_notice":false}},"rating":{"type":"rating","settings":{"show_empty":false}},"separator":{"type":"separator","settings":{}},"description":{"type":"description","settings":{"collapse_content":false}},"variant-picker":{"type":"variant_picker","settings":{"hide_sold_out_variants":false,"stack_blocks":true,"selector_mode":"block","color_mode":"color","size_chart_page":""}},"quantity-selector":{"type":"quantity_selector","settings":{}},"buy-buttons":{"type":"buy_buttons","settings":{"show_payment_button":true,"show_gift_card_recipient":true,"atc_button_background":"","atc_button_text_color":"","payment_button_background":"","payment_button_text_color":""}}},"block_order":["vendor","title","badges","price","rating","separator","description","variant-picker","quantity-selector","buy-buttons"],"disabled":true,"settings":{"full_width":false,"product":"","desktop_media_width":55,"desktop_media_layout":"carousel_thumbnails_left","mobile_media_size":"expanded","mobile_carousel_control":"floating_dots","enable_video_autoplay":true,"enable_video_looping":false,"enable_image_zoom":true,"max_image_zoom_level":3,"background":"#ffffff","background_gradient":"","text_color":"","input_background":"rgba(0,0,0,0)","input_text_color":""}},"feature-chart":{"type":"feature-chart","blocks":{"16644246508f6fa13a-0":{"type":"headings","settings":{"heading_1":"Heading 1","heading_2":"Heading 2","heading_3":"Heading 3","heading_4":"Heading 4","heading_5":"","heading_6":"","heading_7":"","heading_8":"","heading_9":"","heading_10":"","heading_11":"","heading_12":"","heading_13":"","heading_14":"","heading_15":"","heading_16":"","heading_17":"","heading_18":"","heading_19":"","heading_20":""}},"16644246508f6fa13a-1":{"type":"values","settings":{"product":"","value_1":"<p>Yes<\/p>","value_2":"<p>Yes<\/p>","value_3":"<p>No<\/p>","value_4":"<p>No<\/p>","value_5":"","value_6":"","value_7":"","value_8":"","value_9":"","value_10":"","value_11":"","value_12":"","value_13":"","value_14":"","value_15":"","value_16":"","value_17":"","value_18":"","value_19":"","value_20":"","view_button_background":"","view_button_text_color":""}},"16644246508f6fa13a-2":{"type":"values","settings":{"product":"","value_1":"<p>No<\/p>","value_2":"<p>Yes<\/p>","value_3":"<p>Yes<\/p>","value_4":"<p>No<\/p>","value_5":"","value_6":"","value_7":"","value_8":"","value_9":"","value_10":"","value_11":"","value_12":"","value_13":"","value_14":"","value_15":"","value_16":"","value_17":"","value_18":"","value_19":"","value_20":"","view_button_background":"","view_button_text_color":""}}},"block_order":["16644246508f6fa13a-0","16644246508f6fa13a-1","16644246508f6fa13a-2"],"disabled":true,"settings":{"full_width":true,"subheading":"Compare","title":"Product specification","content":"<p>Give your customers useful information about your products and showcase differences between them.<\/p>","button_text":"","button_url":"","text_position":"start","max_rows":5,"view_all_text":"View all","view_less_text":"View less","view_product":"View","viewing_product":"","show_product_swatch":true,"background":"","background_gradient":"","text_color":"","heading_color":"","heading_gradient":"","button_background":"","button_text_color":"","chart_background":"","chart_text_color":"","chart_true_false_color":""}},"faq":{"type":"faq","blocks":{"166442457738b23caf-0":{"type":"item","settings":{"title":"Hoeveel kost verzenden?","content":"<p>We bieden gratis verzending op alle bestellingen.<\/p>"}},"166442457738b23caf-1":{"type":"item","settings":{"title":"Hoe lang duurt het voordat ik mijn bestellingen ontvang?","content":"<p>Dat hangt af van waar je bent. Bestellingen die hier worden verwerkt, hebben 5-7 werkdagen nodig om aan te komen. Leveringen naar het buitenland kunnen 7-16 dagen duren. Je ontvangt de leveringsgegevens in je bevestigingsmail.<\/p>"}},"166442457738b23caf-2":{"type":"item","settings":{"title":"Nog vragen?","content":"<p>Je kunt contact met ons opnemen via onze contactpagina! We helpen je graag verder.<\/p>"}}},"block_order":["166442457738b23caf-0","166442457738b23caf-1","166442457738b23caf-2"],"disabled":true,"settings":{"full_width":false,"subheading":"","title":"FAQ","content":"","team_avatar_width":160,"support_hours":"Onze klantenservice is beschikbaar van maandag tot en met vrijdag van 8.00 tot 20.30 uur.","answer_time":"Gemiddelde antwoordtijd: 24u","button_text":"","button_url":"","text_position":"start","background":"#ffffff","background_gradient":"","text_color":"","heading_color":"","heading_gradient":"","button_background":"","button_text_color":"","accordion_background":"","accordion_text_color":""}},"multiple_images_with_text_9HdRnN":{"type":"multiple-images-with-text","blocks":{"item_NcCpQb":{"type":"item","settings":{"image_rotation_degrees":-2,"subheading":"Birmingham, 79 Preston Rd","title":"Ons hoofdkantoor","content":"<p>Bezoek ons in onze Europese kantoorruimte en ons orderverwerkingscentrum!<\/p>","button_url":"","button_text":""}}},"block_order":["item_NcCpQb"],"disabled":true,"settings":{"full_width":true,"images_layout":"stacked","collage_images_alignment":"middle","background":"","background_gradient":"","text_color":"","button_background":"","button_text_color":""}}},"order":["slideshow","impact_text_79CAiD","image_with_text_overlay_E9Tqm6","rich_text_NjAcPM","custom_html_BhwRYk","blog_posts_K48xQW","custom_html_7HmGfn","custom_html_zezCJf","press_kiXBjM","image-link-blocks","e1293f5c-b549-40ea-baaa-2d52382bb599","collection-list","featured-collection","impact-text","image-with-text-overlay","media-grid","before-after-image","press","hot-spots","blog_posts_TRrpNJ","image_with_text_overlay_tXCUPc","featured-product","feature-chart","faq","multiple_images_with_text_9HdRnN"]}