{"sections":{"main":{"type":"main-page","disabled":true,"settings":{"content_width":"80ch"}},"contact":{"type":"contact","settings":{"full_width":true,"subheading":"Contact Us","title":"Do you have any question?","content":"","text_position":"start","contact_form_size":"large","background":"","background_gradient":"","text_color":"#ffffff","heading_color":"","heading_gradient":"","contact_background":"","contact_text_color":"#ffffff","button_background":"","button_text_color":""}}},"order":["main","contact"]}