{"sections":{"main":{"type":"main-product","blocks":{"vendor":{"type":"vendor","disabled":true,"settings":{}},"e759797b-6f9b-4bf9-af10-d69f6ea0c4a6":{"type":"liquid","settings":{"liquid":"<!DOCTYPE html>\n<html lang=\"en\">\n\n<head>\n    <meta charset=\"UTF-8\">\n    <meta name=\"viewport\" content=\"width=device-width, initial-scale=1.0\">\n    <title>Your Page Title<\/title>\n    <style>\n        #stars-container {\n            display: flex;\n            align-items: center;\n            margin-top: 10px;\n        }\n\n        .tiny-star {\n            width: 15px;\n            height: 15px;\n            margin: 0 2px;\n            fill: #f96a53;\n        }\n\n        #reviews {\n            margin-left: 5px;\n        }\n\n        #text {\n            margin-top: 10px;\n        }\n.filterGray{\nfilter: invert(0%) sepia(0%) saturate(10%) hue-rotate(256deg) brightness(107%) contrast(100%);\n}\n    <\/style>\n<\/head>\n\n<body>\n    <div id=\"stars-container\">\n        <svg class=\"tiny-star filterGray\" viewBox=\"0 0 24 24\" xmlns=\"http:\/\/www.w3.org\/2000\/svg\"><path d=\"M12 2l2.4 7.2h7.6l-6 4.8 2.4 7.2-6-4.8-6 4.8 2.4-7.2-6-4.8h7.6z\"\/><\/svg>\n        <svg class=\"tiny-star filterGray\" viewBox=\"0 0 24 24\" xmlns=\"http:\/\/www.w3.org\/2000\/svg\"><path d=\"M12 2l2.4 7.2h7.6l-6 4.8 2.4 7.2-6-4.8-6 4.8 2.4-7.2-6-4.8h7.6z\"\/><\/svg>\n        <svg class=\"tiny-star filterGray\" viewBox=\"0 0 24 24\" xmlns=\"http:\/\/www.w3.org\/2000\/svg\"><path d=\"M12 2l2.4 7.2h7.6l-6 4.8 2.4 7.2-6-4.8-6 4.8 2.4-7.2-6-4.8h7.6z\"\/><\/svg>\n        <svg class=\"tiny-star filterGray\" viewBox=\"0 0 24 24\" xmlns=\"http:\/\/www.w3.org\/2000\/svg\"><path d=\"M12 2l2.4 7.2h7.6l-6 4.8 2.4 7.2-6-4.8-6 4.8 2.4-7.2-6-4.8h7.6z\"\/><\/svg>\n        <svg class=\"tiny-star filterGray\" viewBox=\"0 0 24 24\" xmlns=\"http:\/\/www.w3.org\/2000\/svg\"><path d=\"M12 2l2.4 7.2h7.6l-6 4.8 2.4 7.2-6-4.8-6 4.8 2.4-7.2-6-4.8h7.6z\"\/><\/svg>\n        <span id=\"reviews\">478 beoordelingen<\/span>\n    <\/div>\n<\/body>\n\n<\/html>"}},"title":{"type":"title","settings":{"heading_tag":"h3"}},"price":{"type":"price","settings":{"show_taxes_notice":false}},"385f478d-fa1f-4bf6-8ae5-ffc8db27bafd":{"type":"liquid","settings":{"liquid":"<!DOCTYPE html>\n<html lang=\"en\">\n<head>\n    <meta charset=\"UTF-8\">\n    <meta name=\"viewport\" content=\"width=device-width, initial-scale=1.0\">\n    <title>Shipping and Guarantee<\/title>\n    <style>\n        .shipping-container {\n            display: flex;\n            align-items: center;\n            margin: 10px;\n        }\n\n        .icon {\n            width: 20px;\n            height: 20px;\n            margin-right: 10px;\n        }\n    <\/style>\n<\/head>\n<body>\n\n    <div class=\"shipping-container\">\n        <img src=\"https:\/\/cdn.discordapp.com\/attachments\/979474409792360458\/1193631243326193819\/Screenshot_2024-01-07_at_20.04.21.png?ex=65ad6ab9&is=659af5b9&hm=4f4b14ec41f055440cc2b03487a3c3d01fd344f17ed3f506f88c7c7c64194cc5&\" alt=\"Free Shipping Icon\" class=\"icon\">\n        <span>Op voorraad, klaar voor verzending<\/span>\n    <\/div>\n\n    <div class=\"shipping-container\">\n        <img src=\"https:\/\/cdn.discordapp.com\/attachments\/979474409792360458\/1191872479535317123\/Screenshot_2024-01-02_at_23.33.53.png?ex=65a704bf&is=65948fbf&hm=78e681b11d935ea7f756ce6a2f4ed791352f67d45167f76831e7dd0e86f7a7df\" alt=\"Fast Shipping Icon\" class=\"icon\">\n        <span>Gratis wereldwijde verzending\n<\/span>\n    <\/div>\n\n    <div class=\"shipping-container\">\n        <img src=\"https:\/\/cdn.discordapp.com\/attachments\/979474409792360458\/1191872526859645018\/Screenshot_2024-01-02_at_23.35.51.png?ex=65a704ca&is=65948fca&hm=905b5e4fad69157520200435dab203ccd5fe51ff6dc735e61121725b2f55047c\" alt=\"Money Back Guarantee Icon\" class=\"icon\">\n        <span>Voor 23.00 besteld zelfde dag verstuurd\n<\/span>\n    <\/div>\n\n<\/body>\n<\/html>"}},"badges":{"type":"badges","settings":{}},"variant_picker":{"type":"variant_picker","settings":{"hide_sold_out_variants":false,"stack_blocks":true,"selector_mode":"block","color_mode":"color","size_chart_page":""}},"quantity_selector":{"type":"quantity_selector","settings":{}},"buy_buttons":{"type":"buy_buttons","settings":{"show_payment_button":false,"show_gift_card_recipient":false,"atc_button_background":"#161616","atc_button_text_color":"#ececec","payment_button_background":"","payment_button_text_color":""}},"dfbee1ee-e2e1-47b6-9dd3-ae3c59afc44e":{"type":"image","settings":{"image":"shopify:\/\/shop_images\/Trustpilot_Logo__2022__svg.png","alignment":"center","max_width":150}},"8bfeacdd-b86a-4e51-b1c5-748741bc4ae4":{"type":"liquid","settings":{"liquid":"<!DOCTYPE html>\n<html lang=\"en\">\n<head>\n  <meta charset=\"UTF-8\">\n  <meta name=\"viewport\" content=\"width=device-width, initial-scale=1.0\">\n  <title>Review Information<\/title>\n  <style>\n    body {\n      font-family: Montserrat, sans-serif;\n    }\n\n    .container {\n      display: flex;\n      align-items: center;\n      margin-bottom: 10px; \/* Decreased margin for spacing *\/\n    }\n\n    .review-info {\n      margin-left: 10px;\n    }\n\n    .bold {\n      font-weight: bold;\n    }\n\n    .underline {\n      text-decoration: underline;\n    }\n\n    .profile-container {\n      display: flex;\n      align-items: center;\n      margin-bottom: 10px; \/* Decreased margin for spacing *\/\n    }\n\n    .profile-image {\n      max-width: 41px; \/* Set a fixed width for the circular image *\/\nmin-width: 40px;\n      max-height: 41px; \/* Set a fixed height for the circular image *\/\nmin-height: 40px;\n      border-radius: 50px;\n      margin-left: 10px;\n      overflow: hidden;\n    }\n\n    .profile-image img {\n      width: 40px !important;\n      height: 40px !important;\n      object-fit: cover;\n    }\n\n    p {\n      font-size: 12px;\n      margin: 0; \/* Remove default margin *\/\n    }\n\n.normalText {\nfont-size: 14px;\nmargin-top: -25px;\n}\n\n    .review-text {\n      font-style: italic; \/* Make the review text italic *\/\n    }\n  <\/style>\n<\/head>\n<body>\n<br>\n\n<!-- New Review Section -->\n<div class=\"profile-container\" style=\"margin-bottom: -20px;\">\n  <p class=\"review-text normalText\">\"Perfecte kwaliteit, ik kreeg er 2 gratis en de verzending was snel en gratis. Zeer goede aanbieding.\" - Christina U.<\/p>\n  <div class=\"profile-image\">\n    <img src=\"https:\/\/cdn.discordapp.com\/attachments\/979474409792360458\/1194733130062500011\/Screenshot_2024-01-10_at_21.02.51.png?ex=65b16cef&is=659ef7ef&hm=f5705662ac903c64d54167681a34d264a450c4e49ebe8139739c6f1ad5ca13fe&\" alt=\"Profile Image\">\n  <\/div>\n<\/div>\n<\/body>\n<\/html>"}},"c1700a24-ab99-4387-b085-ab6761580dc0":{"type":"inventory","disabled":true,"settings":{"low_inventory_threshold":0}},"rating":{"type":"rating","settings":{"show_empty":false}},"payment_terms":{"type":"payment_terms","disabled":true,"settings":{}},"separator":{"type":"separator","settings":{}},"description":{"type":"description","settings":{"collapse_content":false}},"4157d429-98d8-4859-9d43-4fe9921f5ff2":{"type":"button","disabled":true,"settings":{"link":"","text":"Button","size":"xl","style":"fill","stretch":true,"background":"","text_color":""}},"175948f3-8a1f-4dd0-b265-929c5b3526d0":{"type":"liquid","disabled":true,"settings":{"liquid":"<!DOCTYPE html>\n<html lang=\"en\">\n<head>\n    <meta charset=\"UTF-8\">\n    <meta name=\"viewport\" content=\"width=device-width, initial-scale=1.0\">\n    <title>Paragraphs with Headings and GIFs<\/title>\n    <style>\n        .container {\n            clear: both; \/* Ensure the container clears both left and right floated elements *\/\n            overflow: auto; \/* Clear any extra content *\/\n        }\n\n        .gifContainer {\n            float: left;\n            margin-right: 10px;\n        }\n\n        .headingClassNew {\n            font-size: 15px;\n        }\n\n        .gifClass {\n            max-width: 70px;\n        }\n    <\/style>\n<\/head>\n<body>\n\n    <div class=\"container\">\n        <div class=\"gifContainer\">\n            <img class=\"gifClass\" src=\"https:\/\/cdn.shopify.com\/s\/files\/1\/2707\/0176\/files\/ICONOantibacterianoMOVIMIENTO.gif?v=1632989458\" alt=\"First GIF\">\n        <\/div>\n        <div>\n            <h2 class=\"headingClassNew\">Geen geur\n<\/h2>\n            <p style=\"text-align: left;\">Onze kleding is bestand tegen de bacteriën die lichaamsgeur veroorzaken.\n\n<\/p>\n        <\/div>\n    <\/div>\n\n    <div class=\"container\">\n        <div class=\"gifContainer\">\n            <img class=\"gifClass\" src=\"https:\/\/cdn.shopify.com\/s\/files\/1\/2707\/0176\/files\/ICONOtranspirableMOVIMIENTo.gif?v=1632989458\" alt=\"Second GIF\">\n        <\/div>\n        <div>\n            <h2 class=\"headingClassNew\">Ademend en sneldrogend\n<\/h2>\n            <p style=\"text-align: left;\">Onze kleding blijft de hele dag fris en schoon.\n<\/p>\n        <\/div>\n    <\/div>\n\n    <div class=\"container\">\n        <div class=\"gifContainer\">\n            <img class=\"gifClass\" src=\"https:\/\/cdn.shopify.com\/s\/files\/1\/2707\/0176\/files\/ICONOplanchaMOVIMIENTO.gif?v=1632989458\" alt=\"Third GIF\">\n        <\/div>\n        <div>\n            <h2 class=\"headingClassNew\">Geen rimpels meer<\/h2>\n            <p style=\"text-align: left;\">Niet meer strijken: gewoon wassen, ophangen en klaar.<\/p>\n        <\/div>\n    <\/div>\n\n    <div class=\"container\">\n        <div class=\"gifContainer\">\n            <img class=\"gifClass\" src=\"https:\/\/cdn.shopify.com\/s\/files\/1\/2707\/0176\/files\/ICONOmarcassudorMOVIMIENTO.gif?v=1632989458\" alt=\"Fourth GIF\">\n        <\/div>\n        <div>\n            <h2 class=\"headingClassNew\">Ongelooflijk flexibel<\/h2>\n            <p style=\"text-align: left;\">Comfortabele pasvorm gemaakt van kwaliteitsmaterialen en gericht op een lange levensduur.<\/p>\n        <\/div>\n    <\/div>\n\n<\/body>\n<\/html>"}}},"block_order":["vendor","e759797b-6f9b-4bf9-af10-d69f6ea0c4a6","title","price","385f478d-fa1f-4bf6-8ae5-ffc8db27bafd","badges","variant_picker","quantity_selector","buy_buttons","dfbee1ee-e2e1-47b6-9dd3-ae3c59afc44e","8bfeacdd-b86a-4e51-b1c5-748741bc4ae4","c1700a24-ab99-4387-b085-ab6761580dc0","rating","payment_terms","separator","description","4157d429-98d8-4859-9d43-4fe9921f5ff2","175948f3-8a1f-4dd0-b265-929c5b3526d0"],"custom_css":[".block-swatch {color: black; border-radius: 3px; background-color: #ffffff;}",".text-on-sale {color: black;}",".ring {padding-left: 7px;}"],"settings":{"full_width":true,"show_fixed_add_to_cart":true,"desktop_media_width":55,"desktop_media_layout":"carousel_thumbnails_bottom","mobile_media_size":"contained","mobile_carousel_control":"thumbnails","enable_video_autoplay":false,"enable_video_looping":true,"enable_image_zoom":true,"max_image_zoom_level":3,"background":"","background_gradient":"","text_color":"","input_background":"rgba(0,0,0,0)","input_text_color":""}},"d6f8da0f-1ec1-4171-963c-08e9dd6aae89":{"type":"custom-html","disabled":true,"settings":{"full_width":true,"remove_vertical_spacing":false,"remove_horizontal_spacing":false,"html":"<meta charset=\"UTF-8\">\n  <meta name=\"viewport\" content=\"width=device-width, initial-scale=1.0\">\n  <title>Trustpilot Carousel<\/title>\n  <style>\n  body {\n    max-width: 100vw;\n  }\n\n  .carousel-container {\n    max-width: 760px;\n    margin: 0 auto;\n    overflow: hidden;\n  }\n\n  .carousel-inner {\n    display: flex;\n    transition: transform 0.5s ease-in-out;\n  }\n\n  .review-card {\n    width: 350px;\n    padding: 20px;\n    margin-right: 10px;\n    box-shadow: 0 0 10px rgba(0, 0, 0, 0.1);\n    text-align: center;\n    background-color: #F9F8FA;\n    height: 380px;\n  }\n\n  .review-image {\n    width: 100px;\n    height: 30px;\n    margin-bottom: 20px;\n    margin-right: 10px;\n    margin-top: 10px;\n  }\n\n  h3 {\n    font-size: 13px;\nfont-weight: bold;\n  }\n\n  p {\n    margin: 0;\n  }\n\n  .reviewer-name {\n    font-weight: bold;\n  }\n\n  \/* Adjusted margin for the Rated section *\/\n  div[style*=\"text-align: center; margin-top: 10px;\"] {\n    margin-top: 5px;\n  }\n\n  \/* Adjusted margin for the Additional Image section *\/\n  div[style*=\"text-align: center; margin-top: 20px;display:flex; justify-content: center;\"] {\n    margin-top: 10px;\n  }\n<\/style>\n\n\n\n\n<div class=\"carousel-container\">\n  <div class=\"carousel-inner\" id=\"carousel-inner\">\n    <div class=\"review-card\">\n      <!-- SVG image -->\n      <svg class=\"review-image\" height=\"100\" width=\"100\" xmlns=\"http:\/\/www.w3.org\/2000\/svg\" viewbox=\"0 0 512 96\"><g fill=\"none\"><g fill=\"#00b67a\"><path d=\"M0 0h96v96H0zM104 0h96v96h-96zM208 0h96v96h-96zM312 0h96v96h-96zM416 0h96v96h-96z\"><\/path><\/g><path d=\"M48 64.7L62.6 61l6.1 18.8zm33.6-24.3H55.9L48 16.2l-7.9 24.2H14.4l20.8 15-7.9 24.2 20.8-15 12.8-9.2zM152 64.7l14.6-3.7 6.1 18.8zm33.6-24.3h-25.7L152 16.2l-7.9 24.2h-25.7l20.8 15-7.9 24.2 20.8-15 12.8-9.2zM256 64.7l14.6-3.7 6.1 18.8zm33.6-24.3h-25.7L256 16.2l-7.9 24.2h-25.7l20.8 15-7.9 24.2 20.8-15 12.8-9.2zM360 64.7l14.6-3.7 6.1 18.8zm33.6-24.3h-25.7L360 16.2l-7.9 24.2h-25.7l20.8 15-7.9 24.2 20.8-15 12.8-9.2zM464 64.7l14.6-3.7 6.1 18.8zm33.6-24.3h-25.7L464 16.2l-7.9 24.2h-25.7l20.8 15-7.9 24.2 20.8-15 12.8-9.2z\" fill=\"#fff\"><\/path><\/g><\/svg>\n\n      <h3>Gratis verzending en 2+2<\/h3>\n<br>\n      <p>ik heb deze legging een week geleden gekocht en hij past geweldig, plus ik kreeg gratis verzending en een 2+2 aanbieding. 10\/10<\/p>\n      <p>- <span class=\"reviewer-name\">Linda I.<\/span><\/p>\n      <p>27 december<\/p>\n    <\/div>\n    <div class=\"review-card\">\n      <!-- SVG image -->\n      <svg class=\"review-image\" height=\"100\" width=\"100\" xmlns=\"http:\/\/www.w3.org\/2000\/svg\" viewbox=\"0 0 512 96\"><g fill=\"none\"><g fill=\"#00b67a\"><path d=\"M0 0h96v96H0zM104 0h96v96h-96zM208 0h96v96h-96zM312 0h96v96h-96zM416 0h96v96h-96z\"><\/path><\/g><path d=\"M48 64.7L62.6 61l6.1 18.8zm33.6-24.3H55.9L48 16.2l-7.9 24.2H14.4l20.8 15-7.9 24.2 20.8-15 12.8-9.2zM152 64.7l14.6-3.7 6.1 18.8zm33.6-24.3h-25.7L152 16.2l-7.9 24.2h-25.7l20.8 15-7.9 24.2 20.8-15 12.8-9.2zM256 64.7l14.6-3.7 6.1 18.8zm33.6-24.3h-25.7L256 16.2l-7.9 24.2h-25.7l20.8 15-7.9 24.2 20.8-15 12.8-9.2zM360 64.7l14.6-3.7 6.1 18.8zm33.6-24.3h-25.7L360 16.2l-7.9 24.2h-25.7l20.8 15-7.9 24.2 20.8-15 12.8-9.2zM464 64.7l14.6-3.7 6.1 18.8zm33.6-24.3h-25.7L464 16.2l-7.9 24.2h-25.7l20.8 15-7.9 24.2 20.8-15 12.8-9.2z\" fill=\"#fff\"><\/path><\/g><\/svg>\n\n      <h3>goede kwaliteit<\/h3>\n<br>\n      <p>Ziet er geweldig uit en de kwaliteit is erg goed, plus je krijgt gratis verzending en vier voor de prijs van twee. Ik zal er zeker meer kopen als ze ze nog steeds hebben.<\/p>\n      <p>- <span class=\"reviewer-name\">Emma U.<\/span><\/p>\n      <p>30 december<\/p>\n    <\/div>\n    <!-- Add more review cards as needed -->\n  <\/div>\n<\/div>\n\n<!-- Added line at the bottom -->\n<div style=\"text-align: center; margin-top: 10px;\">\n  <p>Rated <span style=\"font-weight: bold;\">4.92<\/span>\/5 based on <span style=\"font-weight: bold; text-decoration: underline;\">1362<\/span> reviews.<\/p>\n<\/div>\n\n<!-- Added another image at the bottom -->\n<div style=\"text-align: center; margin-top: 20px;display:flex; justify-content: center;\">\n  <img src=\"https:\/\/cdn.discordapp.com\/attachments\/979474409792360458\/1190982678418292796\/Screenshot_2023-12-31_at_12.39.53.png?ex=65a3c80d&amp;is=6591530d&amp;hm=6f18586fc7ccef6888e3e0c2d53909d663b1fa0b2bc889c3f471c560e343d0c4&amp;\" alt=\"Additional Image\" style=\"max-width: 120px;\">\n<\/div>\n\n<script>\n  let currentIndex = 0;\n  const items = document.querySelectorAll('.review-card');\n  const totalItems = items.length;\n\n  function nextSlide() {\n    if (currentIndex < totalItems - 2) {\n      currentIndex += 1;\n    } else {\n      currentIndex = 0;\n    }\n    updateCarousel();\n  }\n\n  function prevSlide() {\n    if (currentIndex > 0) {\n      currentIndex -= 1;\n    } else {\n      currentIndex = totalItems - 2;\n    }\n    updateCarousel();\n  }\n\n  function updateCarousel() {\n    const newTransformValue = -currentIndex * 420; \/\/ Adjust based on your card width\n    document.getElementById('carousel-inner').style.transform = `translateX(${newTransformValue}px)`;\n  }\n<\/script>","background":"","background_gradient":"","text_color":""}},"d5c47461-c6de-466f-93b9-f1a5ec5b67b7":{"type":"custom-liquid","settings":{"full_width":true,"remove_vertical_spacing":false,"remove_horizontal_spacing":false,"liquid":"<style>\n  \/* Add this to your CSS file or in a style tag within the liquid file *\/\n  .demo-reviews {\n    margin-left: 5%;\n    margin-bottom: 30px;\n    border-top: 1px solid #ccc;\n    padding-top: 20px;\n    display: flex;\n    justify-content: space-between;\n    align-items: flex-start; \/* Change alignment to flex-start *\/\n    text-align: center; \/* Center align the content *\/\n  }\n\n  .review-container {\n    width: 60%;\n    padding-right: 10px;\n    \/* Added padding to the right *\/\n    background-color: \n  }\n\n  .review {\n    border: 1px solid #eee;\n    border-radius: 5px;\n    padding: 15px;\n    margin-bottom: 20px;\n  }\n\n  .review p {\n    margin: 0;\n  }\n\n  .review strong {\n    color: #333;\n  }\n\n  .rating {\n    color: gray; \/* Star color *\/\n    font-size: 18px;\n    margin-bottom: 10px;\n  }\n\n  .star-filled::before {\n    content: '\\2605'; \/* Unicode character for a filled star *\/\n  }\n\n  .star-empty::before {\n    content: '\\2606'; \/* Unicode character for an empty star *\/\n  }\n\n  .review-graph {\n    width: 30%;\n    margin-top: 53px;\n    margin-right: 30px;\n    \/* Added padding to the right *\/\n  }\n\n  .bar {\n    margin-bottom: 10px;\n    display: flex;\n    align-items: center;\n  }\n\n  .bar span {\n    display: inline-block;\n    height: 20px;\n    background-color: gray; \/* Yellow\/Gold color *\/\n    margin-right: 5px;\n  }\n\n  .bar-5 {\n    width: 74%; \/* Example percentage for 5-star reviews *\/\n  }\n\n  .bar-4 {\n    width: 21%; \/* Example percentage for 4-star reviews *\/\n  }\n\n  .bar-3 {\n    width: 3%; \/* Example percentage for 3-star reviews *\/\n  }\n\n  .bar-2 {\n    width: 1%; \/* Example percentage for 2-star reviews *\/\n  }\n\n  .bar-1 {\n    width: 1%; \/* Example percentage for 1-star reviews *\/\n  }\n\n  .customer-reviews {\n    color: #59483D;\n    font-size: 24px;\n    margin-bottom: 10px;\n    text-align: center; \/* Center align the text *\/\n  }\n\n  .average-rating {\n    color: #59483D;\n    font-size: 36px;\n    margin-bottom: 10px;\n    display: inline-block; \/* Align stars and rating on the same line *\/\n  }\n\n  .star-icon {\n    color: gray;\n    font-size: 24px;\n    vertical-align: middle; \/* Align stars vertically with the rating *\/\n  }\n\n  .review-count {\n    color: #59483D;\n    margin-bottom: 20px;\n  }\n\n  .add-review-btn {\n    padding: 10px 15px;\n    background-color: #f39c12;\n    color: #fff;\n    border: none;\n    border-radius: 5px;\n    cursor: pointer;\n    margin-left: 5%;\n  }\n\n  .unfunctioning-btn {\n    padding: 10px 5px;\n    width: 240px;\n    background-color: #59483D;\n    color: #fff;\n    border: none;\n    border-radius: 5px;\n    margin-top: 10px;\n  }\n\n  .review-modal {\n    display: none;\n    position: fixed;\n    top: 50%;\n    left: 50%;\n    transform: translate(-50%, -50%);\n    padding: 20px;\n    background-color: #fff;\n    border: 1px solid #ccc;\n    z-index: 1000;\n  }\n\n  .headline_alg {\n    margin-left: 5px;\n  }\n\nsvg {\nfilter: invert(0%) sepia(0%) saturate(10%) hue-rotate(256deg) brightness(107%) contrast(100%);\n}\np {\ntext-align: left;\n}\n  @media only screen and (max-width: 600px) {\n    .demo-reviews {\n      flex-direction: column;\n      align-items: center; \/* Center items on mobile *\/\n    }\n\n    .review-container {\n      width: 100%; \/* Full width on mobile *\/\n    }\n\n    .review-graph {\n      width: 70%;\n      padding-left: 40px;\n      margin-top: 0; \/* Remove top margin on mobile *\/\n      margin-bottom: 20px; \/* Add margin between graph and reviews on mobile *\/\n    }\n\n    .add-review-btn {\n      margin-left: 25%; \/* Center the button horizontally *\/\n      margin-top: 20px; \/* Optional margin for spacing *\/\n    }\n  }\n<\/style>\n\n<!-- Customer Reviews Section -->\n<div class=\"demo-reviews\">\n  <div class=\"review-container\">\n    <h2 class=\"customer-reviews\">Beoordelingen van klanten<\/h2>\n    <div class=\"average-rating\">4.83 <span class=\"star-icon\">&#9733;<\/span><span class=\"star-icon\">&#9733;<\/span><span class=\"star-icon\">&#9733;<\/span><span class=\"star-icon\">&#9733;<\/span><span class=\"star-icon\">&#9733;<\/span><\/div>\n    <div class=\"rating\">\n      <!-- Add your star ratings here -->\n    <\/div>\n    <div class=\"review-count\">Gebaseerd op 478 beoordelingen<\/div>\n\n    <!-- Add your reviews here -->\n\n<!-- Unfunctioning Buttons -->\n<button class=\"unfunctioning-btn\" onclick=\"openReviewModal()\">Een recensie toevoegen<\/button>\n<br><br>\n\n<!-- Modified Review Submission Modal (Hidden by default) -->\n<div class=\"review-modal\" id=\"reviewModal\">\n  <!-- Displaying the specified message when the modal opens -->\n  <h2>Je hebt geen geverifieerde aankoop gedaan bij Luna Mae.<\/h2>\n  <!-- Optionally, you can customize the message or include additional content -->\n<br>\n  <p>Je kunt geen beoordeling plaatsen, beoordelingen kunnen alleen worden geplaatst door geverifieerde klanten.\n<br><br>\nAls je dit product hebt gekocht en toch deze fout ziet, neem dan contact op met de klantenservice en we zullen je helpen dit probleem op te lossen.<\/p>\n<br>\n  <!-- Button to close the modal -->\n  <button type=\"button\" onclick=\"closeReviewModal()\">Sluit<\/button>\n<\/div>\n<script>\n  function openReviewModal() {\n    document.getElementById('reviewModal').style.display = 'block';\n  }\n\n  function closeReviewModal() {\n    document.getElementById('reviewModal').style.display = 'none';\n  }\n<\/script>\n\n\n<!-- Demo Reviews Section -->\n<div class=\"demo-reviews\">\n  <div class=\"review-container\">\n    <h2 class=\"headline_alg\" style=\"margin-bottom: 20px;\"><\/h2>\n\n    <!-- Video under the first review -->\n    <div class=\"review\">\n      <p><strong>🇳🇱 Anna<\/strong> - Januari 6, 2024<\/p>\n      <div class=\"rating\">\n        <span class=\"star-filled\"><\/span>\n        <span class=\"star-filled\"><\/span>\n        <span class=\"star-filled\"><\/span>\n        <span class=\"star-filled\"><\/span>\n        <span class=\"star-filled\"><\/span>\n      <\/div>\n      <p>De kleur is absoluut prachtig. Goede kwaliteit. Mooie open rug. Als je er een sportbeha onder draagt, zie je een sportbeha met bandjes op de rug. Het heeft geen cup pads of een ingebouwde bh, en het heeft geen duimgaten. Het past goed, als je tussen twee maten in zit, neem dan een maatje groter.<\/p>\n      <br>\n      <!-- Image -->\n      <img src=\"https:\/\/cdn.discordapp.com\/attachments\/979474409792360458\/1194735046976864338\/Screenshot_2024-01-10_at_21.10.27.png?ex=65b16eb8&is=659ef9b8&hm=99b3e2d8d084a40c69ca93f1e9a2eabbdb65aeadf3cd7b4952d8b9cf09ae709b&\"> <\/img>\n    <\/div>\n\n    <!-- Reviews -->\n\n    <!-- Additional Review -->\n    <div class=\"review\">\n      <p><strong>🇳🇱 Leigh<\/strong> - December 31, 2023<\/p>\n      <div class=\"rating\">\n        <span class=\"star-filled\"><\/span>\n        <span class=\"star-filled\"><\/span>\n        <span class=\"star-filled\"><\/span>\n        <span class=\"star-filled\"><\/span>\n        <span class=\"star-filled\"><\/span>\n      <\/div>\n<p>Ondersteunende top, ik kan hem zonder bh dragen!<\/p>\n<br>\n      <video width=\"100%\" height=\"auto\" controls>\n        <source src=\"https:\/\/s3.us-west-2.amazonaws.com\/stamped.io\/uploads\/videos\/4717fa28a52bdc264c0eed0e1ea9f16b.mp4#t=0.1\" type=\"video\/mp4\">\n        Your browser does not support the video tag.\n      <\/video>\n    <\/div>\n  <\/div>\n\n<!-- Additional Review -->\n    <div class=\"review\">\n      <p><strong>🇧🇪 Aubrey<\/strong> - December 29, 2023<\/p>\n      <div class=\"rating\">\n        <span class=\"star-filled\"><\/span>\n        <span class=\"star-filled\"><\/span>\n        <span class=\"star-filled\"><\/span>\n        <span class=\"star-filled\"><\/span>\n        <span class=\"star-filled\"><\/span>\n      <\/div>\n<p>Ik ben dol op dit shirt! Kwaliteit is geweldig. De pasvorm is perfect.<\/p>\n<br>\n\n<!-- Review Submission Modal (Hidden by default) -->\n<div class=\"review-modal\" id=\"reviewModal\">\n  <!-- Add a review form (non-functional for this example) -->\n  <h2>Add a Review<\/h2>\n  <!-- You can customize the form fields as needed -->\n  <form>\n    <label for=\"reviewContent\">Your review:<\/label>\n    <textarea id=\"reviewContent\" name=\"reviewContent\" rows=\"4\" cols=\"50\"><\/textarea>\n    <br>\n    <button type=\"button\" onclick=\"submitReview()\">Submit Review<\/button>\n  <\/form>\n<\/div>\n\n<script>\n  function openReviewModal() {\n    document.getElementById('reviewModal').style.display = 'block';\n  }\n\n  function submitReview() {\n    \/\/ This is a placeholder for the actual submission logic\n\n    \/\/ Display a simple success message instead of an alert\n    document.getElementById('reviewModal').innerHTML = '<h2>Review added ✔️<\/h2>';\n\n    \/\/ Optionally, you can add a delay before hiding the message and resetting the modal\n    setTimeout(function () {\n      document.getElementById('reviewModal').style.display = 'none';\n      document.getElementById('reviewModal').innerHTML = '<h2>Add a Review<\/h2><form><label for=\"reviewContent\">Your review:<\/label><textarea id=\"reviewContent\" name=\"reviewContent\" rows=\"4\" cols=\"50\"><\/textarea><br><button type=\"button\" onclick=\"submitReview()\">Submit Review<\/button><\/form>';\n    }, 2000); \/\/ 2000 milliseconds (2 seconds) delay\n  }\n<\/script>","background":"","background_gradient":"","text_color":""}},"dc44b4d2-9970-47e6-8b68-f259841d3afc":{"type":"faq","blocks":{"template--20408476893515__dc44b4d2-9970-47e6-8b68-f259841d3afc-item-1":{"type":"item","settings":{"title":"PRODUCTGEGEVENS","content":"<p>Zachte Active legging over de hele lengte<br\/>Hoge tailleband<br\/>Twist taille details<br\/>Voorgevormde panelen<br\/>Zijzakken<br\/>Ongevoerd met dubbellaagse tailleband<br\/>Aantrekbaar ontwerp<br\/>Zweetafvoerend<br\/>Zachte en lichtgewicht polyester Spandex stof (68% Polyester, 32% Spandex)<br\/>Volledige lengte, binnenbeenlengte ca. 67 cm op basis van maat S<br\/>Productcode: BT0895<br\/>We doen ons best om ervoor te zorgen dat onze foto's zo getrouw mogelijk zijn. Door afwijkingen in beeldschermen, digitale fotografie en productievariaties kunnen we echter niet garanderen dat de kleur die u op uw scherm ziet, de echte kleur van het product weergeeft.<\/p>"}},"template--20408476893515__dc44b4d2-9970-47e6-8b68-f259841d3afc-item-2":{"type":"item","settings":{"title":"SIZE GUIDE","content":""}},"template--20408476893515__dc44b4d2-9970-47e6-8b68-f259841d3afc-item-3":{"type":"item","settings":{"title":"LEVERING","content":"<p>We bieden 3 dagen levertijd op alle bestellingen.<\/p>"}}},"block_order":["template--20408476893515__dc44b4d2-9970-47e6-8b68-f259841d3afc-item-1","template--20408476893515__dc44b4d2-9970-47e6-8b68-f259841d3afc-item-2","template--20408476893515__dc44b4d2-9970-47e6-8b68-f259841d3afc-item-3"],"custom_css":[".circle-chevron {padding-left: 2px;}"],"settings":{"full_width":true,"subheading":"","title":"","content":"","team_avatar_width":160,"support_hours":"Onze klantenservice is beschikbaar van maandag tot en met vrijdag van 8.00 tot 20.30 uur.","answer_time":"Gemiddelde antwoordtijd: 24u","button_text":"","button_url":"","text_position":"center","background":"","background_gradient":"","text_color":"","heading_color":"","heading_gradient":"","button_background":"","button_text_color":"","accordion_background":"","accordion_text_color":""}},"44267735-d69e-488c-9552-b6a093cda11a":{"type":"testimonials","blocks":{"template--20408476893515__44267735-d69e-488c-9552-b6a093cda11a-testimonial-1":{"type":"testimonial","settings":{"round_avatar":true,"show_rating":true,"rating":4,"author":"casper","title":"geweldig, pasvorm is perfect","content":""}},"template--20408476893515__44267735-d69e-488c-9552-b6a093cda11a-testimonial-2":{"type":"testimonial","settings":{"round_avatar":true,"show_rating":true,"rating":5,"author":"ARIE","title":"erg mooi","content":"<p>kleur past bij de afbeeldingen, zeer comfortabel<\/p>"}},"template--20408476893515__44267735-d69e-488c-9552-b6a093cda11a-testimonial-3":{"type":"testimonial","settings":{"round_avatar":true,"show_rating":true,"rating":3,"author":"Willem","title":"fatsoenlijk","content":"<p>ok voor de prijs<\/p>"}}},"block_order":["template--20408476893515__44267735-d69e-488c-9552-b6a093cda11a-testimonial-1","template--20408476893515__44267735-d69e-488c-9552-b6a093cda11a-testimonial-2","template--20408476893515__44267735-d69e-488c-9552-b6a093cda11a-testimonial-3"],"disabled":true,"settings":{"full_width":true,"stack_testimonials":false,"subheading":"","title":"Recensies (978)","content":"","link_url":"","link_text":"","background":"","background_gradient":"","text_color":"","heading_color":"","heading_gradient":"","testimonial_card_background":"","testimonial_card_text_color":""}},"related-products":{"type":"related-products","disabled":true,"settings":{"recommendations_count":6,"products":[],"full_width":true,"stack_products":true,"show_progress_bar":false,"products_per_row_mobile":"1","products_per_row_desktop":3,"subheading":"","title":"You may also like","content":"","background":"","background_gradient":"","text_color":"","heading_color":"","heading_gradient":"","product_card_background":"","product_card_text_color":""}},"5f4f3e62-3c71-4722-8418-fa0fb1f53864":{"type":"custom-html","settings":{"full_width":true,"remove_vertical_spacing":false,"remove_horizontal_spacing":false,"html":"<meta charset=\"UTF-8\">\n    <meta name=\"viewport\" content=\"width=device-width, initial-scale=1.0\">\n    <title>Paragraphs with Headings and GIFs<\/title>\n    <style>\n        .container {\n            clear: both; \/* Ensure the container clears both left and right floated elements *\/\n            overflow: auto; \/* Clear any extra content *\/\n        }\n\n        .gifContainer {\n            float: left;\n            margin-right: 10px;\n        }\n\n        .headingClassNew {\n            font-size: 15px;\n        }\n\n        .gifClass {\n            max-width: 70px;\n        }\n    <\/style>\n\n\n\n    <div class=\"container\">\n        <div class=\"gifContainer\">\n            <img class=\"gifClass\" src=\"https:\/\/cdn.shopify.com\/s\/files\/1\/2707\/0176\/files\/ICONOantibacterianoMOVIMIENTO.gif?v=1632989458\" alt=\"First GIF\">\n        <\/div>\n        <div>\n            <h2 class=\"headingClassNew\">Geen geur\n<\/h2>\n            <p style=\"text-align: left;\">Onze kleding is bestand tegen de bacteriën die lichaamsgeur veroorzaken.\n\n<\/p>\n        <\/div>\n    <\/div>\n\n    <div class=\"container\">\n        <div class=\"gifContainer\">\n            <img class=\"gifClass\" src=\"https:\/\/cdn.shopify.com\/s\/files\/1\/2707\/0176\/files\/ICONOtranspirableMOVIMIENTo.gif?v=1632989458\" alt=\"Second GIF\">\n        <\/div>\n        <div>\n            <h2 class=\"headingClassNew\">Ademend en sneldrogend\n<\/h2>\n            <p style=\"text-align: left;\">Onze kleding blijft de hele dag fris en schoon.\n<\/p>\n        <\/div>\n    <\/div>\n\n    <div class=\"container\">\n        <div class=\"gifContainer\">\n            <img class=\"gifClass\" src=\"https:\/\/cdn.shopify.com\/s\/files\/1\/2707\/0176\/files\/ICONOplanchaMOVIMIENTO.gif?v=1632989458\" alt=\"Third GIF\">\n        <\/div>\n        <div>\n            <h2 class=\"headingClassNew\">Geen rimpels meer<\/h2>\n            <p style=\"text-align: left;\">Niet meer strijken: gewoon wassen, ophangen en klaar.<\/p>\n        <\/div>\n    <\/div>\n\n    <div class=\"container\">\n        <div class=\"gifContainer\">\n            <img class=\"gifClass\" src=\"https:\/\/cdn.shopify.com\/s\/files\/1\/2707\/0176\/files\/ICONOmarcassudorMOVIMIENTO.gif?v=1632989458\" alt=\"Fourth GIF\">\n        <\/div>\n        <div>\n            <h2 class=\"headingClassNew\">Ongelooflijk flexibel<\/h2>\n            <p style=\"text-align: left;\">Comfortabele pasvorm gemaakt van kwaliteitsmaterialen en gericht op een lange levensduur.<\/p>\n        <\/div>\n    <\/div>","background":"","background_gradient":"","text_color":""}}},"order":["main","d6f8da0f-1ec1-4171-963c-08e9dd6aae89","d5c47461-c6de-466f-93b9-f1a5ec5b67b7","dc44b4d2-9970-47e6-8b68-f259841d3afc","44267735-d69e-488c-9552-b6a093cda11a","related-products","5f4f3e62-3c71-4722-8418-fa0fb1f53864"]}