{"sections":{"main":{"type":"main-product","blocks":{"title":{"type":"title","settings":{"heading_tag":"h3"}},"vendor":{"type":"vendor","disabled":true,"settings":{}},"e759797b-6f9b-4bf9-af10-d69f6ea0c4a6":{"type":"liquid","settings":{"liquid":"<!DOCTYPE html>\n<html lang=\"en\">\n<head>\n<meta charset=\"UTF-8\">\n<meta name=\"viewport\" content=\"width=device-width, initial-scale=1.0\">\n<title>SVG with Heading and Paragraph<\/title>\n<style>\n    .body {\n        background-color: gray;\n        margin: 0;\n        padding: 0;\n        display: flex;\n        justify-content: center;\n        align-items: center;\n        height: 100vh;\n    }\n.header {\nmargin-top: -80px;\n}\n.circle-button--fill {\ndisplay: none;\n}\n    .container123 {\n        text-align: left;\n        padding: 20px;\n        display: flex;\n        flex-direction: column;\n        align-items: flex-start;\n    }\n<\/style>\n<\/head>\n<body class=\"body\">\n\n<div class=\"container123\">\n    <svg width=\"50\" height=\"50\" viewBox=\"0 0 32 32\" style=\"margin-bottom: 10px;margin-left: -10px;\">\n        <path fill=\"#FFFFFF\" d=\"M13.552 29.084a.7.7 0 0 1-.719-.72V12.17a.7.7 0 0 1 .719-.719h2.156V9.917h3.833v1.533h2.157a.7.7 0 0 1 .718.72v16.195a.7.7 0 0 1-.718.719zm.719-1.438h6.708V12.888H14.27zm13.224-8.984-1.03-2.396-2.491-1.102 2.491-1.078 1.03-2.276 1.03 2.276 2.492 1.078-2.491 1.102z\"\/>\n    <\/svg>\n    <h1 style=\"font-weight: 100; margin: 0;\">Batterij gaat lang mee<\/h1>\n    <p style=\"margin: 0;\">Tot 7 dagen batterij betekent dat je je gezondheid 24\/7 kunt volgen zonder elke nacht op te laden.<\/p>\n<\/div>\n<div class=\"container123\">\n    <svg width=\"50\" height=\"50\" viewBox=\"0 0 32 32\" style=\"margin-bottom: 10px;margin-left: -10px;\">\n        <path fill=\"#FFFFFF\" d=\"M13.232 10.36A1 1 0 0 1 14 10h12a1 1 0 0 1 .768.36l5 6a1 1 0 0 1-.03 1.316l-11 12a1 1 0 0 1-1.475 0l-11-12a1 1 0 0 1-.031-1.316zm.387 2.66L11.135 16h3.478zM11.273 18l6.295 6.867L15.28 18zm6.114 0L20 25.838 22.613 18zm7.334 0-2.29 6.867L28.728 18zm4.144-2-2.484-2.98-.994 2.98zm-4.252-4h-9.226l1.334 4h6.558z\"\/>\n    <\/svg>\n    <h1 style=\"font-Gebouwd om lang mee te gaan: 100; margin: 0;\">Gebouwd om lang mee te gaan<\/h1>\n    <p style=\"margin: 0;\">HealthRing is gemaakt van ijzer: supersterk, niet-allergeen en lichter dan de gemiddelde trouwring.<\/p>\n<\/div>\n\n<div class=\"container123\">\n    <svg width=\"50\" height=\"50\" viewBox=\"0 0 32 32\" style=\"margin-bottom: 10px;margin-left: -10px;\">\n        <path fill=\"#FFFFFF\" d=\"M27.5 20.931h-5l-1.667 8.333L17.5 12.598 14.167 25.93l-1.667-5h-1.667\"\/>\n    <\/svg>\n    <h1 style=\"font-weight: 100; margin: 0;\">Nauwkeurigheid<\/h1>\n    <p style=\"margin: 0;\">De sensoren van HealthRing houden alles bij: temperatuurtrends, hartslag, dagelijkse activiteit en herstel, slaapkwaliteit, menstruatiecyclus en zelfs stress.<\/p>\n<\/div>\n<div class=\"container123\">\n    <svg width=\"50\" height=\"50\" viewBox=\"0 0 32 32\" style=\"margin-bottom: 10px;margin-left: -10px;\">\n        <path fill=\"#FFFFFF\" d=\"M10.4 21.131c.1-5.2 4.4-9.4 9.6-9.4s9.5 4.2 9.6 9.4c0 5.2-4.3 9.4-9.6 9.4-5.3.1-9.6-4.1-9.6-9.4m18.2 0c-.1-4.7-3.9-8.4-8.6-8.4s-8.5 3.8-8.6 8.4c.1 4.7 3.9 8.4 8.6 8.4 4.7.1 8.5-3.7 8.6-8.4\"\/>\n    <\/svg>\n    <h1 style=\"font-weight: 100; margin: 0;\">Altijd draagbaar<\/h1>\n    <p style=\"margin: 0;\">De HealthRing is waterbestendig en sterk genoeg om hoogte, hitte en kou te weerstaan. Hij houdt je biometrische gegevens bij, waar het avontuur je ook brengt.<\/p>\n<\/div>\n\n\n<\/body>\n<\/html>"}},"liquid_dmXnKa":{"type":"liquid","settings":{"liquid":"<!DOCTYPE html>\n<html lang=\"en\">\n\n<head>\n    <meta charset=\"UTF-8\">\n    <meta name=\"viewport\" content=\"width=device-width, initial-scale=1.0\">\n    <title>Your Page Title<\/title>\n    <style>\n        #stars-container {\n            display: flex;\n            align-items: center;\n            margin-top: 10px;\n        }\n\n        .tiny-star {\n            width: 15px;\n            height: 15px;\n            margin: 0 2px;\n            fill: yellow;\n        }\n\n        #reviews {\n            margin-left: 5px;\n        }\n\n        #text {\n            margin-top: 10px;\n        }\n.filterGray{\nfilter: brightness(0) saturate(100%) invert(84%) sepia(43%) saturate(737%) hue-rotate(355deg) brightness(91%) contrast(99%);\n}\n    <\/style>\n<\/head>\n\n<body>\n    <div id=\"stars-container\">\n        <svg class=\"tiny-star filterGray\" viewBox=\"0 0 24 24\" xmlns=\"http:\/\/www.w3.org\/2000\/svg\"><path d=\"M12 2l2.4 7.2h7.6l-6 4.8 2.4 7.2-6-4.8-6 4.8 2.4-7.2-6-4.8h7.6z\"\/><\/svg>\n        <svg class=\"tiny-star filterGray\" viewBox=\"0 0 24 24\" xmlns=\"http:\/\/www.w3.org\/2000\/svg\"><path d=\"M12 2l2.4 7.2h7.6l-6 4.8 2.4 7.2-6-4.8-6 4.8 2.4-7.2-6-4.8h7.6z\"\/><\/svg>\n        <svg class=\"tiny-star filterGray\" viewBox=\"0 0 24 24\" xmlns=\"http:\/\/www.w3.org\/2000\/svg\"><path d=\"M12 2l2.4 7.2h7.6l-6 4.8 2.4 7.2-6-4.8-6 4.8 2.4-7.2-6-4.8h7.6z\"\/><\/svg>\n        <svg class=\"tiny-star filterGray\" viewBox=\"0 0 24 24\" xmlns=\"http:\/\/www.w3.org\/2000\/svg\"><path d=\"M12 2l2.4 7.2h7.6l-6 4.8 2.4 7.2-6-4.8-6 4.8 2.4-7.2-6-4.8h7.6z\"\/><\/svg>\n        <svg class=\"tiny-star filterGray\" viewBox=\"0 0 24 24\" xmlns=\"http:\/\/www.w3.org\/2000\/svg\"><path d=\"M12 2l2.4 7.2h7.6l-6 4.8 2.4 7.2-6-4.8-6 4.8 2.4-7.2-6-4.8h7.6z\"\/><\/svg>\n        <span id=\"reviews\">927 beoordelingen<\/span>\n    <\/div>\n<\/body>\n\n<\/html>"}},"price":{"type":"price","settings":{"show_taxes_notice":false}},"385f478d-fa1f-4bf6-8ae5-ffc8db27bafd":{"type":"liquid","disabled":true,"settings":{"liquid":"<!DOCTYPE html>\n<html lang=\"en\">\n<head>\n    <meta charset=\"UTF-8\">\n    <meta name=\"viewport\" content=\"width=device-width, initial-scale=1.0\">\n    <title>Shipping and Guarantee<\/title>\n    <style>\n        .shipping-container {\n            display: flex;\n            align-items: center;\n            margin: 10px;\n        }\n\n        .icon {\n            width: 20px;\n            height: 20px;\n            margin-right: 10px;\n        }\n    <\/style>\n<\/head>\n<body>\n\n    <div class=\"shipping-container\">\n        <img src=\"https:\/\/cdn.discordapp.com\/attachments\/979474409792360458\/1193631243326193819\/Screenshot_2024-01-07_at_20.04.21.png?ex=65ad6ab9&is=659af5b9&hm=4f4b14ec41f055440cc2b03487a3c3d01fd344f17ed3f506f88c7c7c64194cc5&\" alt=\"Free Shipping Icon\" class=\"icon\">\n        <span>Op voorraad, klaar voor verzending<\/span>\n    <\/div>\n\n    <div class=\"shipping-container\">\n        <img src=\"https:\/\/cdn.discordapp.com\/attachments\/979474409792360458\/1191872479535317123\/Screenshot_2024-01-02_at_23.33.53.png?ex=65a704bf&is=65948fbf&hm=78e681b11d935ea7f756ce6a2f4ed791352f67d45167f76831e7dd0e86f7a7df\" alt=\"Fast Shipping Icon\" class=\"icon\">\n        <span>Gratis EXPRESS-verzending\n<\/span>\n    <\/div>\n\n    <div class=\"shipping-container\">\n        <img src=\"https:\/\/cdn.discordapp.com\/attachments\/979474409792360458\/1191872526859645018\/Screenshot_2024-01-02_at_23.35.51.png?ex=65a704ca&is=65948fca&hm=905b5e4fad69157520200435dab203ccd5fe51ff6dc735e61121725b2f55047c\" alt=\"Money Back Guarantee Icon\" class=\"icon\">\n        <span>Voor 23.00 besteld zelfde dag verstuurd\n<\/span>\n    <\/div>\n<div class=\"shipping-container\">\n        <img src=\"https:\/\/cdn.discordapp.com\/attachments\/979474409792360458\/1196727358024065124\/Screenshot_2024-01-16_at_9.07.13.png?ex=65b8ae34&is=65a63934&hm=1fabc7233b3207c39bf468f2e774135d61f06bb8702b1867ce08cae9dcb0ee62&\" alt=\"Money Back Guarantee Icon\" class=\"icon\">\n        <span>Snelle en veilige \"2-klik\" betaling\n<\/span>\n    <\/div>\n\n<\/body>\n<\/html>"}},"badges":{"type":"badges","settings":{}},"variant_picker":{"type":"variant_picker","settings":{"hide_sold_out_variants":false,"stack_blocks":true,"selector_mode":"block","color_mode":"color","size_chart_page":""}},"quantity_selector":{"type":"quantity_selector","settings":{}},"buy_buttons":{"type":"buy_buttons","settings":{"show_payment_button":false,"show_gift_card_recipient":false,"atc_button_background":"#a3d2e8","atc_button_text_color":"#111826","payment_button_background":"","payment_button_text_color":""}},"8bfeacdd-b86a-4e51-b1c5-748741bc4ae4":{"type":"liquid","disabled":true,"settings":{"liquid":"<!DOCTYPE html>\n<html lang=\"en\">\n<head>\n  <meta charset=\"UTF-8\">\n  <meta name=\"viewport\" content=\"width=device-width, initial-scale=1.0\">\n  <title>Review Information<\/title>\n  <style>\n    body {\n      font-family: Montserrat, sans-serif;\n    }\n\n    .container {\n      display: flex;\n      align-items: center;\n      margin-bottom: 10px; \/* Decreased margin for spacing *\/\n    }\n\n    .review-info {\n      margin-left: 10px;\n    }\n\n    .bold {\n      font-weight: bold;\n    }\n\n    .underline {\n      text-decoration: underline;\n    }\n\n    .profile-container {\n      display: flex;\n      align-items: center;\n      margin-bottom: 10px; \/* Decreased margin for spacing *\/\n    }\n\n    .profile-image {\n      max-width: 41px; \/* Set a fixed width for the circular image *\/\nmin-width: 40px;\n      max-height: 41px; \/* Set a fixed height for the circular image *\/\nmin-height: 40px;\n      border-radius: 50px;\n      margin-left: 10px;\n      overflow: hidden;\n    }\n\n    .profile-image img {\n      width: 40px !important;\n      height: 40px !important;\n      object-fit: cover;\n    }\n\n    p {\n      font-size: 12px;\n      margin: 0; \/* Remove default margin *\/\n    }\n\n.normalText {\nfont-size: 14px;\nmargin-top: -25px;\n}\n\n    .review-text {\n      font-style: italic; \/* Make the review text italic *\/\n    }\n  <\/style>\n<\/head>\n<body>\n<br>\n\n<!-- New Review Section -->\n<div class=\"profile-container\" style=\"margin-bottom: -20px;\">\n  <p class=\"review-text normalText\">\"De beste legging die ik ooit heb gehad, ze past perfect en ziet er geweldig uit. Ik heb al veel complimenten gekregen!!!\" - Marijn K.<\/p>\n  <div class=\"profile-image\">\n    <img src=\"https:\/\/cdn.discordapp.com\/attachments\/979474409792360458\/1194551635058372630\/81b32a97-e067-4496-9f86-f027093c71de.jpeg?ex=65b0c3e7&is=659e4ee7&hm=6f60a2d8fcc18b0a487255b9c29589a031a4d775fb0d2d0ab228f38fb6959485&\" alt=\"Profile Image\">\n  <\/div>\n<\/div>\n<\/body>\n<\/html>"}},"c1700a24-ab99-4387-b085-ab6761580dc0":{"type":"inventory","disabled":true,"settings":{"low_inventory_threshold":0}},"rating":{"type":"rating","settings":{"show_empty":false}},"payment_terms":{"type":"payment_terms","disabled":true,"settings":{}},"separator":{"type":"separator","settings":{}},"description":{"type":"description","settings":{"collapse_content":false}},"4157d429-98d8-4859-9d43-4fe9921f5ff2":{"type":"button","disabled":true,"settings":{"link":"","text":"Button","size":"xl","style":"fill","stretch":true,"background":"","text_color":""}},"175948f3-8a1f-4dd0-b265-929c5b3526d0":{"type":"liquid","disabled":true,"settings":{"liquid":"<!DOCTYPE html>\n<html lang=\"en\">\n<head>\n    <meta charset=\"UTF-8\">\n    <meta name=\"viewport\" content=\"width=device-width, initial-scale=1.0\">\n    <title>Paragraphs with Headings and GIFs<\/title>\n    <style>\n        .container {\n            clear: both; \/* Ensure the container clears both left and right floated elements *\/\n            overflow: auto; \/* Clear any extra content *\/\n        }\n\n        .gifContainer {\n            float: left;\n            margin-right: 10px;\n        }\n\n        .headingClassNew {\n            font-size: 15px;\n        }\n\n        .gifClass {\n            max-width: 70px;\n        }\n    <\/style>\n<\/head>\n<body>\n\n    <div class=\"container\">\n        <div class=\"gifContainer\">\n            <img class=\"gifClass\" src=\"https:\/\/cdn.shopify.com\/s\/files\/1\/2707\/0176\/files\/ICONOantibacterianoMOVIMIENTO.gif?v=1632989458\" alt=\"First GIF\">\n        <\/div>\n        <div>\n            <h2 class=\"headingClassNew\">Geen geur\n<\/h2>\n            <p style=\"text-align: left;\">Onze kleding is bestand tegen de bacteriën die lichaamsgeur veroorzaken.\n\n<\/p>\n        <\/div>\n    <\/div>\n\n    <div class=\"container\">\n        <div class=\"gifContainer\">\n            <img class=\"gifClass\" src=\"https:\/\/cdn.shopify.com\/s\/files\/1\/2707\/0176\/files\/ICONOtranspirableMOVIMIENTo.gif?v=1632989458\" alt=\"Second GIF\">\n        <\/div>\n        <div>\n            <h2 class=\"headingClassNew\">Ademend en sneldrogend\n<\/h2>\n            <p style=\"text-align: left;\">Onze kleding blijft de hele dag fris en schoon.\n<\/p>\n        <\/div>\n    <\/div>\n\n    <div class=\"container\">\n        <div class=\"gifContainer\">\n            <img class=\"gifClass\" src=\"https:\/\/cdn.shopify.com\/s\/files\/1\/2707\/0176\/files\/ICONOplanchaMOVIMIENTO.gif?v=1632989458\" alt=\"Third GIF\">\n        <\/div>\n        <div>\n            <h2 class=\"headingClassNew\">Geen rimpels meer<\/h2>\n            <p style=\"text-align: left;\">Niet meer strijken: gewoon wassen, ophangen en klaar.<\/p>\n        <\/div>\n    <\/div>\n\n    <div class=\"container\">\n        <div class=\"gifContainer\">\n            <img class=\"gifClass\" src=\"https:\/\/cdn.shopify.com\/s\/files\/1\/2707\/0176\/files\/ICONOmarcassudorMOVIMIENTO.gif?v=1632989458\" alt=\"Fourth GIF\">\n        <\/div>\n        <div>\n            <h2 class=\"headingClassNew\">Ongelooflijk flexibel<\/h2>\n            <p style=\"text-align: left;\">Comfortabele pasvorm gemaakt van kwaliteitsmaterialen en gericht op een lange levensduur.<\/p>\n        <\/div>\n    <\/div>\n\n<\/body>\n<\/html>"}}},"block_order":["title","vendor","e759797b-6f9b-4bf9-af10-d69f6ea0c4a6","liquid_dmXnKa","price","385f478d-fa1f-4bf6-8ae5-ffc8db27bafd","badges","variant_picker","quantity_selector","buy_buttons","8bfeacdd-b86a-4e51-b1c5-748741bc4ae4","c1700a24-ab99-4387-b085-ab6761580dc0","rating","payment_terms","separator","description","4157d429-98d8-4859-9d43-4fe9921f5ff2","175948f3-8a1f-4dd0-b265-929c5b3526d0"],"custom_css":[".block-swatch {color: black; border-radius: 3px; background-color: #ffffff;}",".text-on-sale {color: white;}",".ring {padding-left: 7px;}",".product {margin-top: 150px;}"],"settings":{"full_width":true,"show_fixed_add_to_cart":true,"desktop_media_width":55,"desktop_media_layout":"carousel_thumbnails_bottom","mobile_media_size":"expanded","mobile_carousel_control":"thumbnails","enable_video_autoplay":false,"enable_video_looping":true,"enable_image_zoom":true,"max_image_zoom_level":3,"background":"#111826","background_gradient":"","text_color":"#ffffff","input_background":"rgba(0,0,0,0)","input_text_color":"#ffffff"}},"d5c47461-c6de-466f-93b9-f1a5ec5b67b7":{"type":"custom-liquid","disabled":true,"settings":{"full_width":true,"remove_vertical_spacing":false,"remove_horizontal_spacing":false,"liquid":"<style>\n  \/* Add this to your CSS file or in a style tag within the liquid file *\/\n  .demo-reviews {\n    margin-left: 5%;\n    margin-bottom: 30px;\n    border-top: 1px solid #ccc;\n    padding-top: 20px;\n    display: flex;\n    justify-content: space-between;\n    align-items: flex-start; \/* Change alignment to flex-start *\/\n    text-align: center; \/* Center align the content *\/\n  }\n\n  .review-container {\n    width: 60%;\n    padding-right: 10px;\n    \/* Added padding to the right *\/\n    background-color: \n  }\n\n  .review {\n    border: 1px solid #eee;\n    border-radius: 5px;\n    padding: 15px;\n    margin-bottom: 20px;\n  }\n\n  .review p {\n    margin: 0;\n  }\n\n  .review strong {\n    color: #333;\n  }\n\n  .rating {\n    color: gray; \/* Star color *\/\n    font-size: 18px;\n    margin-bottom: 10px;\n  }\n\n  .star-filled::before {\n    content: '\\2605'; \/* Unicode character for a filled star *\/\n  }\n\n  .star-empty::before {\n    content: '\\2606'; \/* Unicode character for an empty star *\/\n  }\n\n  .review-graph {\n    width: 30%;\n    margin-top: 53px;\n    margin-right: 30px;\n    \/* Added padding to the right *\/\n  }\n\n  .bar {\n    margin-bottom: 10px;\n    display: flex;\n    align-items: center;\n  }\n\n  .bar span {\n    display: inline-block;\n    height: 20px;\n    background-color: gray; \/* Yellow\/Gold color *\/\n    margin-right: 5px;\n  }\n\n  .bar-5 {\n    width: 74%; \/* Example percentage for 5-star reviews *\/\n  }\n\n  .bar-4 {\n    width: 21%; \/* Example percentage for 4-star reviews *\/\n  }\n\n  .bar-3 {\n    width: 3%; \/* Example percentage for 3-star reviews *\/\n  }\n\n  .bar-2 {\n    width: 1%; \/* Example percentage for 2-star reviews *\/\n  }\n\n  .bar-1 {\n    width: 1%; \/* Example percentage for 1-star reviews *\/\n  }\n\n  .customer-reviews {\n    color: #59483D;\n    font-size: 24px;\n    margin-bottom: 10px;\n    text-align: center; \/* Center align the text *\/\n  }\n\n  .average-rating {\n    color: #59483D;\n    font-size: 36px;\n    margin-bottom: 10px;\n    display: inline-block; \/* Align stars and rating on the same line *\/\n  }\n\n  .star-icon {\n    color: gray;\n    font-size: 24px;\n    vertical-align: middle; \/* Align stars vertically with the rating *\/\n  }\n\n  .review-count {\n    color: #59483D;\n    margin-bottom: 20px;\n  }\n\n  .add-review-btn {\n    padding: 10px 15px;\n    background-color: #f39c12;\n    color: #fff;\n    border: none;\n    border-radius: 5px;\n    cursor: pointer;\n    margin-left: 5%;\n  }\n\n  .unfunctioning-btn {\n    padding: 10px 5px;\n    width: 240px;\n    background-color: #59483D;\n    color: #fff;\n    border: none;\n    border-radius: 5px;\n    margin-top: 10px;\n  }\n\n  .review-modal {\n    display: none;\n    position: fixed;\n    top: 50%;\n    left: 50%;\n    transform: translate(-50%, -50%);\n    padding: 20px;\n    background-color: #fff;\n    border: 1px solid #ccc;\n    z-index: 1000;\n  }\n\n  .headline_alg {\n    margin-left: 5px;\n  }\n\nsvg {\nfilter: invert(0%) sepia(0%) saturate(10%) hue-rotate(256deg) brightness(107%) contrast(100%);\n}\np {\ntext-align: left;\n}\n  @media only screen and (max-width: 600px) {\n    .demo-reviews {\n      flex-direction: column;\n      align-items: center; \/* Center items on mobile *\/\n    }\n\n    .review-container {\n      width: 100%; \/* Full width on mobile *\/\n    }\n\n    .review-graph {\n      width: 70%;\n      padding-left: 40px;\n      margin-top: 0; \/* Remove top margin on mobile *\/\n      margin-bottom: 20px; \/* Add margin between graph and reviews on mobile *\/\n    }\n\n    .add-review-btn {\n      margin-left: 25%; \/* Center the button horizontally *\/\n      margin-top: 20px; \/* Optional margin for spacing *\/\n    }\n  }\n<\/style>\n\n<!-- Customer Reviews Section -->\n<div class=\"demo-reviews\">\n  <div class=\"review-container\">\n    <h2 class=\"customer-reviews\">Beoordelingen van klanten<\/h2>\n    <div class=\"average-rating\">4.93 <span class=\"star-icon\">&#9733;<\/span><span class=\"star-icon\">&#9733;<\/span><span class=\"star-icon\">&#9733;<\/span><span class=\"star-icon\">&#9733;<\/span><span class=\"star-icon\">&#9733;<\/span><\/div>\n    <div class=\"rating\">\n      <!-- Add your star ratings here -->\n    <\/div>\n    <div class=\"review-count\">Gebaseerd op 927 beoordelingen<\/div>\n\n    <!-- Add your reviews here -->\n\n<!-- Unfunctioning Buttons -->\n<button class=\"unfunctioning-btn\" onclick=\"openReviewModal()\">Een recensie toevoegen<\/button>\n<br><br>\n\n<!-- Modified Review Submission Modal (Hidden by default) -->\n<div class=\"review-modal\" id=\"reviewModal\">\n  <!-- Displaying the specified message when the modal opens -->\n  <h2>Je hebt geen geverifieerde aankoop gedaan bij Luna Mae.<\/h2>\n  <!-- Optionally, you can customize the message or include additional content -->\n<br>\n  <p>Je kunt geen beoordeling plaatsen, beoordelingen kunnen alleen worden geplaatst door geverifieerde klanten.\n<br><br>\nAls je dit product hebt gekocht en toch deze fout ziet, neem dan contact op met de klantenservice en we zullen je helpen dit probleem op te lossen.<\/p>\n<br>\n  <!-- Button to close the modal -->\n  <button type=\"button\" onclick=\"closeReviewModal()\">Sluit<\/button>\n<\/div>\n<script>\n  function openReviewModal() {\n    document.getElementById('reviewModal').style.display = 'block';\n  }\n\n  function closeReviewModal() {\n    document.getElementById('reviewModal').style.display = 'none';\n  }\n<\/script>\n\n\n<!-- Demo Reviews Section -->\n<div class=\"demo-reviews\">\n  <div class=\"review-container\">\n    <h2 class=\"headline_alg\" style=\"margin-bottom: 20px;\"><\/h2>\n\n    <!-- Video under the first review -->\n    <div class=\"review\">\n      <p><strong>🇳🇱 Emma<\/strong> - December 27, 2023<\/p>\n      <div class=\"rating\">\n        <span class=\"star-filled\"><\/span>\n        <span class=\"star-filled\"><\/span>\n        <span class=\"star-filled\"><\/span>\n        <span class=\"star-filled\"><\/span>\n        <span class=\"star-filled\"><\/span>\n      <\/div>\n      <p>Ik heb maat medium, ben 1,80 m, taille 28, heupen 42. Ik kan wel zeggen dat dit mijn favoriete legging is voor de bilspieren. Dit was mijn 3e bestelling en ik ben nu een trouwe klant. Dit komt van een meisje dat veel geld uitgeeft aan sportkleding, ik HOU VAN DEZE LEGGINGS!<\/p>\n      <br>\n      <!-- Video -->\n      <video width=\"100%\" height=\"auto\" controls>\n        <source src=\"https:\/\/cdn.discordapp.com\/attachments\/979474409792360458\/1193988662669615224\/3fd0dc61f7c3b15daf3e89d03123fe9d.mp4?ex=65aeb798&is=659c4298&hm=382f4f56826d0fc1cde4ddf379af7409375c0526642f0dac076d644dbe5fc827\" type=\"video\/mp4\">\n        Your browser does not support the video tag.\n      <\/video>\n    <\/div>\n\n    <!-- Reviews -->\n\n    <!-- Additional Review -->\n    <div class=\"review\">\n      <p><strong>🇳🇱 Nina<\/strong> - December 26, 2023<\/p>\n      <div class=\"rating\">\n        <span class=\"star-filled\"><\/span>\n        <span class=\"star-filled\"><\/span>\n        <span class=\"star-filled\"><\/span>\n        <span class=\"star-filled\"><\/span>\n        <span class=\"star-filled\"><\/span>\n      <\/div>\n      <p>HOU VAN ZE<\/p>\n<p> Deze broek is geweldig. Maat kleiner omdat het materiaal aan de achterkant groter is. <\/p>\n<br>\n      <!-- Image -->\n      <img src=\"https:\/\/cdn.discordapp.com\/attachments\/979474409792360458\/1193988747402956840\/Screenshot_2024-01-08_at_19.44.55.png?ex=65aeb7ac&is=659c42ac&hm=c1519de7c528c19080a691902ec9710e73e5d6d8b03e8d09a93032465bae9f26\" alt=\"Review Image\" style=\"width: 100%;\">\n    <\/div>\n  <\/div>\n\n<!-- Additional Review -->\n    <div class=\"review\">\n      <p><strong>🇳🇱 Christina<\/strong> - December 26, 2023<\/p>\n      <div class=\"rating\">\n        <span class=\"star-filled\"><\/span>\n        <span class=\"star-filled\"><\/span>\n        <span class=\"star-filled\"><\/span>\n        <span class=\"star-filled\"><\/span>\n        <span class=\"star-filled\"><\/span>\n      <\/div>\n      <p> Beste legging ooit\n <\/p>\n<p>Deze legging is de meest flatterende legging die ik ooit heb gekocht. Ik wou dat ik meer dan één paar had gekocht toen ze nog op voorraad waren. Ik smeek je om nog een paar te kopen, want ik heb ze in meer kleuren nodig. <\/p>\n<br>\n\n<!-- Review Submission Modal (Hidden by default) -->\n<div class=\"review-modal\" id=\"reviewModal\">\n  <!-- Add a review form (non-functional for this example) -->\n  <h2>Add a Review<\/h2>\n  <!-- You can customize the form fields as needed -->\n  <form>\n    <label for=\"reviewContent\">Your review:<\/label>\n    <textarea id=\"reviewContent\" name=\"reviewContent\" rows=\"4\" cols=\"50\"><\/textarea>\n    <br>\n    <button type=\"button\" onclick=\"submitReview()\">Submit Review<\/button>\n  <\/form>\n<\/div>\n\n<script>\n  function openReviewModal() {\n    document.getElementById('reviewModal').style.display = 'block';\n  }\n\n  function submitReview() {\n    \/\/ This is a placeholder for the actual submission logic\n\n    \/\/ Display a simple success message instead of an alert\n    document.getElementById('reviewModal').innerHTML = '<h2>Review added ✔️<\/h2>';\n\n    \/\/ Optionally, you can add a delay before hiding the message and resetting the modal\n    setTimeout(function () {\n      document.getElementById('reviewModal').style.display = 'none';\n      document.getElementById('reviewModal').innerHTML = '<h2>Add a Review<\/h2><form><label for=\"reviewContent\">Your review:<\/label><textarea id=\"reviewContent\" name=\"reviewContent\" rows=\"4\" cols=\"50\"><\/textarea><br><button type=\"button\" onclick=\"submitReview()\">Submit Review<\/button><\/form>';\n    }, 2000); \/\/ 2000 milliseconds (2 seconds) delay\n  }\n<\/script>","background":"","background_gradient":"","text_color":""}},"5f4f3e62-3c71-4722-8418-fa0fb1f53864":{"type":"custom-html","disabled":true,"settings":{"full_width":true,"remove_vertical_spacing":false,"remove_horizontal_spacing":false,"html":"<meta charset=\"UTF-8\">\n    <meta name=\"viewport\" content=\"width=device-width, initial-scale=1.0\">\n    <title>Paragraphs with Headings and GIFs<\/title>\n    <style>\n        .container {\n            clear: both; \/* Ensure the container clears both left and right floated elements *\/\n            overflow: auto; \/* Clear any extra content *\/\n        }\n\n        .gifContainer {\n            float: left;\n            margin-right: 10px;\n        }\n\n        .headingClassNew {\n            font-size: 15px;\n        }\n\n        .gifClass {\n            max-width: 70px;\n        }\n    <\/style>\n\n\n\n    <div class=\"container\">\n        <div class=\"gifContainer\">\n            <img class=\"gifClass\" src=\"https:\/\/cdn.shopify.com\/s\/files\/1\/2707\/0176\/files\/ICONOantibacterianoMOVIMIENTO.gif?v=1632989458\" alt=\"First GIF\">\n        <\/div>\n        <div>\n            <h2 class=\"headingClassNew\">Geen geur\n<\/h2>\n            <p style=\"text-align: left;\">Onze kleding is bestand tegen de bacteriën die lichaamsgeur veroorzaken.\n\n<\/p>\n        <\/div>\n    <\/div>\n\n    <div class=\"container\">\n        <div class=\"gifContainer\">\n            <img class=\"gifClass\" src=\"https:\/\/cdn.shopify.com\/s\/files\/1\/2707\/0176\/files\/ICONOtranspirableMOVIMIENTo.gif?v=1632989458\" alt=\"Second GIF\">\n        <\/div>\n        <div>\n            <h2 class=\"headingClassNew\">Ademend en sneldrogend\n<\/h2>\n            <p style=\"text-align: left;\">Onze kleding blijft de hele dag fris en schoon.\n<\/p>\n        <\/div>\n    <\/div>\n\n    <div class=\"container\">\n        <div class=\"gifContainer\">\n            <img class=\"gifClass\" src=\"https:\/\/cdn.shopify.com\/s\/files\/1\/2707\/0176\/files\/ICONOplanchaMOVIMIENTO.gif?v=1632989458\" alt=\"Third GIF\">\n        <\/div>\n        <div>\n            <h2 class=\"headingClassNew\">Geen rimpels meer<\/h2>\n            <p style=\"text-align: left;\">Niet meer strijken: gewoon wassen, ophangen en klaar.<\/p>\n        <\/div>\n    <\/div>\n\n    <div class=\"container\">\n        <div class=\"gifContainer\">\n            <img class=\"gifClass\" src=\"https:\/\/cdn.shopify.com\/s\/files\/1\/2707\/0176\/files\/ICONOmarcassudorMOVIMIENTO.gif?v=1632989458\" alt=\"Fourth GIF\">\n        <\/div>\n        <div>\n            <h2 class=\"headingClassNew\">Ongelooflijk flexibel<\/h2>\n            <p style=\"text-align: left;\">Comfortabele pasvorm gemaakt van kwaliteitsmaterialen en gericht op een lange levensduur.<\/p>\n        <\/div>\n    <\/div>","background":"","background_gradient":"","text_color":""}},"dc44b4d2-9970-47e6-8b68-f259841d3afc":{"type":"faq","blocks":{"template--20408476893515__dc44b4d2-9970-47e6-8b68-f259841d3afc-item-2":{"type":"item","settings":{"title":"Hoe snel is de verzending?","content":"<p>Als je voor 23:00 uur bestelt, verzenden we je bestelling nog dezelfde dag en voor alle bestellingen geldt gratis express-verzending.<\/p>"}},"template--20408476893515__dc44b4d2-9970-47e6-8b68-f259841d3afc-item-3":{"type":"item","settings":{"title":"Wat als ik niet tevreden ben met mijn aankoop?","content":"<p>We bieden 1 maand niet goed geld terug garantie op alle producten.<\/p>"}},"item_KDbDpd":{"type":"item","settings":{"title":"Hoe werkt de betaling?","content":"<p>Om de beste en meest veilige betalingsmogelijkheid te bieden, gebruiken we een veilige en makkelijk te gebruiken betalingsgateway genaamd Checkify.<\/p>"}}},"block_order":["template--20408476893515__dc44b4d2-9970-47e6-8b68-f259841d3afc-item-2","template--20408476893515__dc44b4d2-9970-47e6-8b68-f259841d3afc-item-3","item_KDbDpd"],"custom_css":[".circle-chevron {padding-left: 2px;}"],"settings":{"full_width":true,"subheading":"","title":"Veelgestelde vragen","content":"","team_avatar_width":160,"support_hours":"Onze klantenservice is beschikbaar van maandag tot en met vrijdag van 8.00 tot 20.30 uur.","answer_time":"Gemiddelde antwoordtijd: 7.5u","button_text":"","button_url":"","text_position":"center","background":"#111826","background_gradient":"","text_color":"#ffffff","heading_color":"","heading_gradient":"","button_background":"","button_text_color":"","accordion_background":"","accordion_text_color":""}},"d6f8da0f-1ec1-4171-963c-08e9dd6aae89":{"type":"custom-html","disabled":true,"settings":{"full_width":true,"remove_vertical_spacing":false,"remove_horizontal_spacing":false,"html":"<meta charset=\"UTF-8\">\n  <meta name=\"viewport\" content=\"width=device-width, initial-scale=1.0\">\n  <title>Trustpilot Carousel<\/title>\n  <style>\np {\ntext-align: center;\n}\n  body {\n    max-width: 100vw;\n  }\n\n  .carousel-container {\n    max-width: 760px;\n    margin: 0 auto;\n    overflow: hidden;\n  }\n\n  .carousel-inner {\n    display: flex;\n    transition: transform 0.5s ease-in-out;\n  }\n\n  .review-card {\n    width: 350px;\n    padding: 20px;\n    margin-right: 10px;\n    box-shadow: 0 0 10px rgba(0, 0, 0, 0.1);\n    text-align: center;\n    background-color: #F9F8FA;\n    height: 380px;\n  }\n\n  .review-image {\n    width: 100px;\n    height: 30px;\n    margin-bottom: 20px;\n    margin-right: 10px;\n    margin-top: 10px;\n  }\n\n  h3 {\n    font-size: 13px;\nfont-weight: bold;\n  }\n\n  p {\n    margin: 0;\n  }\n\n  .reviewer-name {\n    font-weight: bold;\n  }\n\n  \/* Adjusted margin for the Rated section *\/\n  div[style*=\"text-align: center; margin-top: 10px;\"] {\n    margin-top: 5px;\n  }\n\n  \/* Adjusted margin for the Additional Image section *\/\n  div[style*=\"text-align: center; margin-top: 20px;display:flex; justify-content: center;\"] {\n    margin-top: 10px;\n  }\n<\/style>\n\n\n\n\n<div class=\"carousel-container\">\n  <div class=\"carousel-inner\" id=\"carousel-inner\">\n    <div class=\"review-card\">\n      <!-- SVG image -->\n      <svg class=\"review-image\" height=\"100\" width=\"100\" xmlns=\"http:\/\/www.w3.org\/2000\/svg\" viewbox=\"0 0 512 96\"><g fill=\"none\"><g fill=\"#00b67a\"><path d=\"M0 0h96v96H0zM104 0h96v96h-96zM208 0h96v96h-96zM312 0h96v96h-96zM416 0h96v96h-96z\"><\/path><\/g><path d=\"M48 64.7L62.6 61l6.1 18.8zm33.6-24.3H55.9L48 16.2l-7.9 24.2H14.4l20.8 15-7.9 24.2 20.8-15 12.8-9.2zM152 64.7l14.6-3.7 6.1 18.8zm33.6-24.3h-25.7L152 16.2l-7.9 24.2h-25.7l20.8 15-7.9 24.2 20.8-15 12.8-9.2zM256 64.7l14.6-3.7 6.1 18.8zm33.6-24.3h-25.7L256 16.2l-7.9 24.2h-25.7l20.8 15-7.9 24.2 20.8-15 12.8-9.2zM360 64.7l14.6-3.7 6.1 18.8zm33.6-24.3h-25.7L360 16.2l-7.9 24.2h-25.7l20.8 15-7.9 24.2 20.8-15 12.8-9.2zM464 64.7l14.6-3.7 6.1 18.8zm33.6-24.3h-25.7L464 16.2l-7.9 24.2h-25.7l20.8 15-7.9 24.2 20.8-15 12.8-9.2z\" fill=\"#fff\"><\/path><\/g><\/svg>\n\n      <h3>Gratis verzending en 2+2<\/h3>\n<br>\n      <p>ik heb deze legging een week geleden gekocht en hij past geweldig, plus ik kreeg gratis verzending en een 2+2 aanbieding. 10\/10<\/p>\n      <p>- <span class=\"reviewer-name\">Linda I.<\/span><\/p>\n      <p>27 december<\/p>\n    <\/div>\n    <div class=\"review-card\">\n      <!-- SVG image -->\n      <svg class=\"review-image\" height=\"100\" width=\"100\" xmlns=\"http:\/\/www.w3.org\/2000\/svg\" viewbox=\"0 0 512 96\"><g fill=\"none\"><g fill=\"#00b67a\"><path d=\"M0 0h96v96H0zM104 0h96v96h-96zM208 0h96v96h-96zM312 0h96v96h-96zM416 0h96v96h-96z\"><\/path><\/g><path d=\"M48 64.7L62.6 61l6.1 18.8zm33.6-24.3H55.9L48 16.2l-7.9 24.2H14.4l20.8 15-7.9 24.2 20.8-15 12.8-9.2zM152 64.7l14.6-3.7 6.1 18.8zm33.6-24.3h-25.7L152 16.2l-7.9 24.2h-25.7l20.8 15-7.9 24.2 20.8-15 12.8-9.2zM256 64.7l14.6-3.7 6.1 18.8zm33.6-24.3h-25.7L256 16.2l-7.9 24.2h-25.7l20.8 15-7.9 24.2 20.8-15 12.8-9.2zM360 64.7l14.6-3.7 6.1 18.8zm33.6-24.3h-25.7L360 16.2l-7.9 24.2h-25.7l20.8 15-7.9 24.2 20.8-15 12.8-9.2zM464 64.7l14.6-3.7 6.1 18.8zm33.6-24.3h-25.7L464 16.2l-7.9 24.2h-25.7l20.8 15-7.9 24.2 20.8-15 12.8-9.2z\" fill=\"#fff\"><\/path><\/g><\/svg>\n\n      <h3>goede kwaliteit<\/h3>\n<br>\n      <p>Ziet er geweldig uit en de kwaliteit is erg goed, plus je krijgt gratis verzending en vier voor de prijs van twee. Ik zal er zeker meer kopen als ze ze nog steeds hebben.<\/p>\n      <p>- <span class=\"reviewer-name\">Emma U.<\/span><\/p>\n      <p>30 december<\/p>\n    <\/div>\n    <!-- Add more review cards as needed -->\n  <\/div>\n<\/div>\n\n<!-- Added line at the bottom -->\n<div style=\"text-align: center; margin-top: 10px;\">\n  <p>Rated <span style=\"font-weight: bold;\">4.92<\/span>\/5 based on <span style=\"font-weight: bold; text-decoration: underline;\">1362<\/span> reviews.<\/p>\n<\/div>\n\n<!-- Added another image at the bottom -->\n<div style=\"text-align: center; margin-top: 20px;display:flex; justify-content: center;\">\n  <img src=\"https:\/\/cdn.discordapp.com\/attachments\/979474409792360458\/1190982678418292796\/Screenshot_2023-12-31_at_12.39.53.png?ex=65a3c80d&amp;is=6591530d&amp;hm=6f18586fc7ccef6888e3e0c2d53909d663b1fa0b2bc889c3f471c560e343d0c4&amp;\" alt=\"Additional Image\" style=\"max-width: 120px;\">\n<\/div>\n\n<script>\n  let currentIndex = 0;\n  const items = document.querySelectorAll('.review-card');\n  const totalItems = items.length;\n\n  function nextSlide() {\n    if (currentIndex < totalItems - 2) {\n      currentIndex += 1;\n    } else {\n      currentIndex = 0;\n    }\n    updateCarousel();\n  }\n\n  function prevSlide() {\n    if (currentIndex > 0) {\n      currentIndex -= 1;\n    } else {\n      currentIndex = totalItems - 2;\n    }\n    updateCarousel();\n  }\n\n  function updateCarousel() {\n    const newTransformValue = -currentIndex * 420; \/\/ Adjust based on your card width\n    document.getElementById('carousel-inner').style.transform = `translateX(${newTransformValue}px)`;\n  }\n<\/script>","background":"","background_gradient":"","text_color":""}},"44267735-d69e-488c-9552-b6a093cda11a":{"type":"testimonials","blocks":{"template--20408476893515__44267735-d69e-488c-9552-b6a093cda11a-testimonial-1":{"type":"testimonial","settings":{"round_avatar":true,"show_rating":true,"rating":4,"author":"casper","title":"geweldig, pasvorm is perfect","content":""}},"template--20408476893515__44267735-d69e-488c-9552-b6a093cda11a-testimonial-2":{"type":"testimonial","settings":{"round_avatar":true,"show_rating":true,"rating":5,"author":"ARIE","title":"erg mooi","content":"<p>kleur past bij de afbeeldingen, zeer comfortabel<\/p>"}},"template--20408476893515__44267735-d69e-488c-9552-b6a093cda11a-testimonial-3":{"type":"testimonial","settings":{"round_avatar":true,"show_rating":true,"rating":3,"author":"Willem","title":"fatsoenlijk","content":"<p>ok voor de prijs<\/p>"}}},"block_order":["template--20408476893515__44267735-d69e-488c-9552-b6a093cda11a-testimonial-1","template--20408476893515__44267735-d69e-488c-9552-b6a093cda11a-testimonial-2","template--20408476893515__44267735-d69e-488c-9552-b6a093cda11a-testimonial-3"],"disabled":true,"settings":{"full_width":true,"stack_testimonials":false,"subheading":"","title":"Recensies (978)","content":"","link_url":"","link_text":"","background":"","background_gradient":"","text_color":"","heading_color":"","heading_gradient":"","testimonial_card_background":"","testimonial_card_text_color":""}},"related-products":{"type":"related-products","disabled":true,"settings":{"recommendations_count":6,"products":[],"full_width":true,"stack_products":true,"show_progress_bar":false,"products_per_row_mobile":"1","products_per_row_desktop":3,"subheading":"","title":"You may also like","content":"","background":"","background_gradient":"","text_color":"","heading_color":"","heading_gradient":"","product_card_background":"","product_card_text_color":""}}},"order":["main","d5c47461-c6de-466f-93b9-f1a5ec5b67b7","5f4f3e62-3c71-4722-8418-fa0fb1f53864","dc44b4d2-9970-47e6-8b68-f259841d3afc","d6f8da0f-1ec1-4171-963c-08e9dd6aae89","44267735-d69e-488c-9552-b6a093cda11a","related-products"]}