{"type":"footer","name":"Footer group","sections":{"text-with-icons":{"type":"text-with-icons","blocks":{"free-shipping":{"type":"item","settings":{"icon":"picto-smart-watch","mobile_icon_width":24,"icon_width":24,"icon_background_type":"none","icon_background":"","icon_color":"","title":"Draagbare technologie van wereldklasse","content":"<p>Ontvang de geavanceerde HealthRing-sensor, een ultra-duurzame, ultra-comfortabele Onyx SuperKnit band en een waterdichte, draadloze batterij - allemaal inbegrepen bij aankoop.<\/p>"}},"customer-support":{"type":"item","settings":{"icon":"picto-mobile-phone","mobile_icon_width":24,"icon_width":24,"icon_background_type":"none","icon_background":"","icon_color":"","title":"Gepersonaliseerde App","content":"<p>HealthRing kalibreert op jouw unieke basislijn en berekent dagelijkse prestatiescores, gezondheidsmetriek, realtime stressniveaus en trends in de loop van de tijd.<\/p>"}},"discount":{"type":"item","disabled":true,"settings":{"icon":"picto-coupon","mobile_icon_width":24,"icon_width":24,"icon_background_type":"none","icon_background":"","icon_color":"","title":"Refer a friend","content":"<p>Tell your customers about your promotional offers.<\/p>"}},"payment":{"type":"item","settings":{"icon":"picto-lock","mobile_icon_width":24,"icon_width":24,"icon_background_type":"none","icon_background":"","icon_color":"","title":"Cuttin-edge science","content":"<p>HealthRing is altijd in ontwikkeling met maandelijkse updates die worden gevoed door de knapste koppen op het gebied van datawetenschap, gezondheid, sport en menselijke prestaties.<\/p>"}}},"block_order":["free-shipping","customer-support","discount","payment"],"settings":{"full_width":true,"stack_on_mobile":false,"title":"","heading_tag":"h6","text_alignment":"center","icon_spacing":"small","background":"#0a1119","background_gradient":"","text_color":"#ffffff"}},"101deb39-7325-4616-85eb-a2b0c9b19841":{"type":"accordion-content","blocks":{"sections--20408476991819__101deb39-7325-4616-85eb-a2b0c9b19841-item-1":{"type":"item","disabled":true,"settings":{"title":"ACCOUNT","content":"<p>Write content to help your customers to better understand your products or policies.<\/p>"}},"sections--20408476991819__101deb39-7325-4616-85eb-a2b0c9b19841-item-3":{"type":"item","settings":{"title":"INFORMATIE","content":"<p>Als je vragen hebt, kun je altijd contact met ons opnemen. Wij bieden 24\/7 klantenservice.<\/p>"}},"sections--20408476991819__101deb39-7325-4616-85eb-a2b0c9b19841-item-2":{"type":"item","settings":{"title":"OVER LUNA - MAE","content":"<p>Welkom bij Luna-Mae, waar stijl en comfort moeiteloos samengaan! Onze damesleggings combineren mode en functie feilloos, bieden een goede pasvorm en een vleugje luxe. Verhoog je garderobe met onze levendige patronen en veelzijdige ontwerpen en omarm vertrouwen en comfort bij elke stap. Ontdek de perfecte legging voor elke gelegenheid - Luna-Mae, waar jouw stijl centraal staat.<\/p>"}}},"block_order":["sections--20408476991819__101deb39-7325-4616-85eb-a2b0c9b19841-item-1","sections--20408476991819__101deb39-7325-4616-85eb-a2b0c9b19841-item-3","sections--20408476991819__101deb39-7325-4616-85eb-a2b0c9b19841-item-2"],"disabled":true,"settings":{"full_width":true,"subheading":"","title":"","content":"","button_text":"","button_url":"","text_position":"start","background":"","background_gradient":"","text_color":"","heading_color":"","heading_gradient":"","button_background":"","button_text_color":"","accordion_background":"","accordion_text_color":""}},"footer":{"type":"footer","blocks":{"newsletter_LG8R89":{"type":"newsletter","settings":{"image_width":160,"heading_size":"h3","title":"Ontvang de nieuwste artikelen, tips en aanbiedingen van HealthRing","content":""}},"80019fbc-c51c-466d-9a08-7bd76c2f7d87":{"type":"text","disabled":true,"settings":{"title":"Zakelijke informatie","content":"<p>KVK 8748282<\/p><p>+31 40213003<\/p><p>info@luna-mae.co<\/p><p>Rotsoord 211, Nederland<\/p>","enable_follow_on_shop":true}},"links":{"type":"links","disabled":true,"settings":{"menu":"footer","show_menu_title":true}},"c834e1c1-216a-4f0c-8faf-63b8d7986c4c":{"type":"text","disabled":true,"settings":{"title":"Over Luna Mae","content":"<p>LifeStijl<\/p><p>Kortingen<\/p><p>Beoordelingen<\/p><p>Beloningen<\/p>","enable_follow_on_shop":true}}},"block_order":["newsletter_LG8R89","80019fbc-c51c-466d-9a08-7bd76c2f7d87","links","c834e1c1-216a-4f0c-8faf-63b8d7986c4c"],"custom_css":[".footer {padding-top: 5px; padding-bottom: 1px; margin-bottom: -30px; color: white; background-color: #0a1119;}",".footer__copyright {display: none;}",".text-with-icon {display: none;}",".form-control {background-color: #222423; border-radius: 8px;}","* {border-style: solid; border-color: gray;}","@media screen and (min-width: 700px) {.footer__block-list {display: flex; justify-content: center; } * {font-size: 25px; }}"],"settings":{"show_social_media":true,"show_payment_icons":false,"show_country_selector":true,"show_country_flag":true,"show_country_name":true,"show_locale_selector":true}},"accordion_content_LLnDJV":{"type":"accordion-content","blocks":{"item_hXqJjy":{"type":"item","settings":{"title":"Over ons","content":"<p>HealthRing ontwikkelt, test en verkoopt al meer dan 5 jaar fitnessbanden.<\/p>"}},"item_cKLbQd":{"type":"item","settings":{"title":"Oplossingen","content":"<p>We bieden meerdere variaties van onze producten.<\/p>"}},"item_XzbMT9":{"type":"item","settings":{"title":"Ondersteuning","content":"<p>We bieden 24\/7 klantenservice. Onze gemiddelde reactietijd is meestal 7,5 uur.<\/p>"}}},"block_order":["item_hXqJjy","item_cKLbQd","item_XzbMT9"],"settings":{"full_width":true,"subheading":"","title":"","content":"","button_text":"","button_url":"","text_position":"start","background":"#0a1119","background_gradient":"","text_color":"#ffffff","heading_color":"","heading_gradient":"","button_background":"#000000","button_text_color":"","accordion_background":"","accordion_text_color":"#bac3c5"}}},"order":["text-with-icons","101deb39-7325-4616-85eb-a2b0c9b19841","footer","accordion_content_LLnDJV"]}