{"type":"header","name":"Header group","sections":{"announcement-bar":{"type":"announcement-bar","blocks":{"message":{"type":"message","settings":{"text":"GRATIS VERZENDING OP ALLE BESTELLINGEN","url":""}}},"block_order":["message"],"disabled":true,"settings":{"enable_sticky":true,"text_size":"text-xs","navigation_mode":"scrolling","scrolling_speed":10,"background":"#ffffff","background_gradient":"","text_color":"#272727"}},"header":{"type":"header","custom_css":[".header__wrapper {color: white; border-radius: 80px; margin-left: 20px; margin-right: 20px; position: relative; top: 12px; background: rgba(53, 53, 53, 0.31); box-shadow: 0 4px 30px rgba(0, 0, 0, 0.1); backdrop-filter: blur(8.7px); -webkit-backdrop-filter: blur(8.7px); border: 1px solid rgba(53, 53, 53, 0.42);}","@media only screen and (min-width: 1024px) {.header__wrapper {top: 25px; }}"],"settings":{"enable_sticky":true,"hide_on_scroll":false,"logo":"{{shop.brand.logo}}","logo_max_width":120,"logo_mobile_max_width":100,"menu":"main-menu","sidebar_menu":"","secondary_menu":"","menu_open_trigger":"click","opening_from":"left","layout":"logo_left_navigation_center","show_social_media":false,"show_locale_selector":true,"show_country_selector":true,"show_country_flag":true,"show_country_name":false,"transparent_header_text_color":"#ffffff","reduce_padding":false,"background_opacity":100,"background_blur_radius":0}}},"order":["announcement-bar","header"]}